Ontology ID	label	parent class	definition	definition cross reference	comment	comment cross reference	editors note	exact synonym	broad synonym	narrow synonym	related synonym	in subset	cross reference	subclass axiom	creation date	created by
	human-associated environment	ENVO:01001002	An environmental system determined by a human.	https://culturebotai.github.io/HabitatMech/pages/habitats/human-associated-environment-habitatmech-gold-cd0b0940e5.html			Requested by HabitatMech. Attested by BACDIVE, GOLD with 52129 upstream assertions across 2 source concept(s): Human; Host-associated > Mammals: Human. The habitat is the host clade, and it is the entire content of the concept: GOLD and BacDive both organise host-associated isolates by host, and every downstream anatomical path hangs off it. HabitatMech deliberately does not ground these to animal-associated environment, because every clade would then merge onto one record and the distinction the sources are making would be lost. ENVO already has this shape at plant-, animal- and fungi-associated environment; this asks for the same pattern one level down. This is the single largest ungrounded concept in the corpus.	Mammals: Human|human host
	free-living environment	ENVO:01000254	An environmental system which is a portion of the air, water, or land surface or subsurface of an astronomical body sampled in place, and which is neither bounded by a host organism nor constituted by a constructed or operated artefact.	https://culturebotai.github.io/HabitatMech/pages/habitats/free-living-environment-habitatmech-bacdive-0f1e92a02c.html			Requested by HabitatMech. Attested by BACDIVE, GOLD with 19739 upstream assertions across 2 source concept(s): Environmental. Definition curated from both committed deep-research reports after merging the BacDive and GOLD level-1 provenance bins in #179. Free-living is the positive-polarity name used by EMPO. Anthropisation is deliberately not excluded because GOLD includes managed and contaminated settings; ENVO:01000951 natural environment remains only a near-miss xref.	Environmental|non-host-associated environment
	mammal-associated environment	ENVO:01001002	An environmental system determined by a mammal.	https://culturebotai.github.io/HabitatMech/pages/habitats/mammal-associated-environment-habitatmech-gold-e889967f4f.html			Requested by HabitatMech. Attested by GOLD with 6104 upstream assertions across 1 source concept(s): Host-associated > Mammals. The habitat is the host clade, and it is the entire content of the concept: GOLD and BacDive both organise host-associated isolates by host, and every downstream anatomical path hangs off it. HabitatMech deliberately does not ground these to animal-associated environment, because every clade would then merge onto one record and the distinction the sources are making would be lost. ENVO already has this shape at plant-, animal- and fungi-associated environment; this asks for the same pattern one level down.	Mammals
	endothermic-animal-associated environment	ENVO:01001002	An animal-associated environment which is determined by an animal that maintains an elevated, metabolically generated core temperature.	https://culturebotai.github.io/HabitatMech/pages/habitats/endothermic-animal-associated-environment-habitatmech-bacdive-3d543e6b49.html			Requested by HabitatMech. Attested by MADIN with 5130 upstream assertions across 1 source concept(s): host_animal_endotherm. Definition drafted from the record's deep-research report under research/habitats/ and read against it. Madin splits its animal hosts by thermoregulation, which is a real physicochemical distinction for the resident community rather than a taxonomic one, so the differentia is endothermy and not a clade.	host_animal_endotherm
	bacterium-associated environment	ENVO:01001000	An environmental system determined by a bacterium.	https://culturebotai.github.io/HabitatMech/pages/habitats/bacterium-associated-environment-habitatmech-gold-029baaef9e.html			Requested by HabitatMech. Attested by GOLD with 3017 upstream assertions across 1 source concept(s): Host-associated > Microbial > Bacteria. The habitat is the host clade, and it is the entire content of the concept: GOLD organises host-associated isolates by host and every anatomical path hangs off it. Not grounded to the parent, because every clade would then merge onto one record. Same pattern ENVO already has at plant-, animal- and fungi-associated environment. GOLD's child of Microbial. Parented to the organism root here because its natural parent, microbe-associated environment, is requested in this same batch and does not exist yet — editors should re-parent it if both are minted.	Bacteria
	upper aerodigestive tract environment	ENVO:2100000	An anatomical entity environment which is determined by the contiguous air- and saliva-exposed lumen extending from the oral cavity to the lower airways of a vertebrate.	https://culturebotai.github.io/HabitatMech/pages/habitats/upper-aerodigestive-tract-environment-habitatmech-bacdive-3974b3f169.html			Requested by HabitatMech. Attested by BACDIVE with 2102 upstream assertions across 1 source concept(s): Oral-cavity-and-airways. Definition drafted from the record's deep-research report under research/habitats/ and read against it. BacDive's label names two sites and the upstream mapping to UBERON:0001005 'respiratory airway' covered only the airways half, dropping the oral cavity. The definition keeps the contiguous lumen both halves belong to.	Oral-cavity-and-airways
	bird-associated environment	ENVO:01001002	An environmental system determined by a bird.	https://culturebotai.github.io/HabitatMech/pages/habitats/bird-associated-environment-habitatmech-gold-47e603cf4f.html			Requested by HabitatMech. Attested by GOLD with 1848 upstream assertions across 1 source concept(s): Host-associated > Birds. The habitat is the host clade, and it is the entire content of the concept: GOLD and BacDive both organise host-associated isolates by host, and every downstream anatomical path hangs off it. HabitatMech deliberately does not ground these to animal-associated environment, because every clade would then merge onto one record and the distinction the sources are making would be lost. ENVO already has this shape at plant-, animal- and fungi-associated environment; this asks for the same pattern one level down.	Birds
	insect-associated environment	ENVO:01001002	An environmental system determined by an insect.	https://culturebotai.github.io/HabitatMech/pages/habitats/insect-associated-environment-habitatmech-gold-dba2a83b95.html			Requested by HabitatMech. Attested by GOLD with 1833 upstream assertions across 1 source concept(s): Host-associated > Arthropoda: Insects. The habitat is the host clade, and it is the entire content of the concept: GOLD and BacDive both organise host-associated isolates by host, and every downstream anatomical path hangs off it. HabitatMech deliberately does not ground these to animal-associated environment, because every clade would then merge onto one record and the distinction the sources are making would be lost. ENVO already has this shape at plant-, animal- and fungi-associated environment; this asks for the same pattern one level down.	Arthropoda: Insects
	fish-associated environment	ENVO:01001002	An environmental system determined by a fish.	https://culturebotai.github.io/HabitatMech/pages/habitats/fish-associated-environment-habitatmech-gold-3d529a667e.html			Requested by HabitatMech. Attested by GOLD with 1350 upstream assertions across 1 source concept(s): Host-associated > Fish. The habitat is the host clade, and it is the entire content of the concept: GOLD and BacDive both organise host-associated isolates by host, and every downstream anatomical path hangs off it. HabitatMech deliberately does not ground these to animal-associated environment, because every clade would then merge onto one record and the distinction the sources are making would be lost. ENVO already has this shape at plant-, animal- and fungi-associated environment; this asks for the same pattern one level down.	Fish
	ectothermic-animal-associated environment	ENVO:01001002	An animal-associated environment which is determined by an animal whose body temperature tracks that of its surroundings.	https://culturebotai.github.io/HabitatMech/pages/habitats/ectothermic-animal-associated-environment-habitatmech-bacdive-e68bf42dcb.html			Requested by HabitatMech. Attested by MADIN with 999 upstream assertions across 1 source concept(s): host_animal_ectotherm. Definition drafted from the record's deep-research report under research/habitats/ and read against it. The counterpart of the endotherm term in the same Madin split.	host_animal_ectotherm
	tree-associated environment	ENVO:01001001	An environmental system determined by a tree.	https://culturebotai.github.io/HabitatMech/pages/habitats/tree-associated-environment-habitatmech-bacdive-3192a0f47e.html			Requested by HabitatMech. Attested by BACDIVE with 872 upstream assertions across 1 source concept(s): Tree. The habitat is the host clade, and it is the entire content of the concept: GOLD and BacDive both organise host-associated isolates by host, and every downstream anatomical path hangs off it. HabitatMech deliberately does not ground these to plant-associated environment, because every clade would then merge onto one record and the distinction the sources are making would be lost. ENVO already has this shape at plant-, animal- and fungi-associated environment; this asks for the same pattern one level down. Parented to plant-associated environment rather than the organism root, since a tree is a plant.	Tree
	mollusc-associated environment	ENVO:01001002	An animal-associated environment which is determined by a mollusc or by a part of a mollusc.	https://culturebotai.github.io/HabitatMech/pages/habitats/mollusc-associated-environment-habitatmech-gold-6acc0797e9.html			Requested by HabitatMech. Attested by GOLD with 784 upstream assertions across 1 source concept(s): Host-associated > Mollusca. Definition drafted from the record's deep-research report under research/habitats/ and read against it; the report's proposed wording, genus and near-miss table are the evidence. Host taxon freed from NOT_APPLICABLE by #114.	Mollusca
	invertebrate-associated environment	ENVO:01001002	An environmental system determined by an invertebrate.	https://culturebotai.github.io/HabitatMech/pages/habitats/invertebrate-associated-environment-habitatmech-gold-4d792ac724.html			Requested by HabitatMech. Attested by GOLD with 621 upstream assertions across 1 source concept(s): Host-associated > Invertebrates. The habitat is the host clade, and it is the entire content of the concept: GOLD and BacDive both organise host-associated isolates by host, and every downstream anatomical path hangs off it. HabitatMech deliberately does not ground these to animal-associated environment, because every clade would then merge onto one record and the distinction the sources are making would be lost. ENVO already has this shape at plant-, animal- and fungi-associated environment; this asks for the same pattern one level down. Invertebrate is a grade rather than a clade, but it is the grouping both sources use and the request records that rather than inventing a taxonomy they do not have.	Invertebrates
	bovine-associated environment	ENVO:01001002	An animal-associated environment which is determined by a bovine.	https://culturebotai.github.io/HabitatMech/pages/habitats/bovine-associated-environment-habitatmech-bacdive-a4a67c4a7f.html			Requested by HabitatMech. Attested by BACDIVE with 619 upstream assertions across 1 source concept(s): Bovinae-Cow,-Cattle. Definition drafted from the record's deep-research report under research/habitats/ and read against it; the report's proposed wording, genus and near-miss table are the evidence. BacDive's cattle host category.	Bovinae-Cow,-Cattle
	crustacean-associated environment	ENVO:01001002	An environmental system determined by a crustacean.	https://culturebotai.github.io/HabitatMech/pages/habitats/crustacean-associated-environment-habitatmech-gold-2959225799.html			Requested by HabitatMech. Attested by GOLD with 598 upstream assertions across 1 source concept(s): Host-associated > Arthropoda: Crustaceans. The habitat is the host clade, and it is the entire content of the concept: GOLD and BacDive both organise host-associated isolates by host, and every downstream anatomical path hangs off it. HabitatMech deliberately does not ground these to animal-associated environment, because every clade would then merge onto one record and the distinction the sources are making would be lost. ENVO already has this shape at plant-, animal- and fungi-associated environment; this asks for the same pattern one level down.	Arthropoda: Crustaceans
	myriapod-associated environment	ENVO:01001002	An environmental system determined by a myriapod.	https://culturebotai.github.io/HabitatMech/pages/habitats/myriapod-associated-environment-habitatmech-gold-2333d6225a.html			Requested by HabitatMech. Attested by GOLD with 569 upstream assertions across 1 source concept(s): Host-associated > Arthropoda: Myriapoda. The habitat is the host clade, and it is the entire content of the concept: GOLD and BacDive both organise host-associated isolates by host, and every downstream anatomical path hangs off it. HabitatMech deliberately does not ground these to animal-associated environment, because every clade would then merge onto one record and the distinction the sources are making would be lost. ENVO already has this shape at plant-, animal- and fungi-associated environment; this asks for the same pattern one level down.	Arthropoda: Myriapoda
	suid-associated environment	ENVO:01001002	An animal-associated environment which is determined by a suid.	https://culturebotai.github.io/HabitatMech/pages/habitats/suid-associated-environment-habitatmech-bacdive-3a13ee8a57.html			Requested by HabitatMech. Attested by BACDIVE with 521 upstream assertions across 1 source concept(s): Suidae-Pig,Swine. Definition drafted from the record's deep-research report under research/habitats/ and read against it; the report's proposed wording, genus and near-miss table are the evidence. The report's proposed genus was 'mammal-associated environment', which does not exist and is itself requested in this batch; parented to animal-associated environment until it does. Its first-listed genus CURIE was ENVO:00003042 piggery, which is the farm building rather than the host, and is not what the definition says.	Suidae-Pig,Swine
	sponge-associated environment	ENVO:01001002	An animal-associated environment which is determined by a sponge.	https://culturebotai.github.io/HabitatMech/pages/habitats/sponge-associated-environment-habitatmech-gold-64acf9132c.html			Requested by HabitatMech. Attested by BACDIVE, GOLD with 499 upstream assertions across 3 source concept(s): Porifera-Sponges; Host-associated > Porifera; Host-associated > Porifera > Sponge. Definition drafted from the record's deep-research report under research/habitats/ and read against it; the report's proposed wording, genus and near-miss table are the evidence. Parented to the aquatic-invertebrate term rather than to animal-associated environment, which the report identified as the more specific existing genus. Genus moved from ENVO:01001176 'environment associated with an aquatic invertebrate' to ENVO:01001002 (#210), with the whole aquatic-invertebrate host family rather than record by record - #210 was filed over three records and the genus is actually held by five, so fixing only the three would have rebuilt the same split it reports. Both terms are true of the concept, so this chooses between two true genera on what each drags in: ENVO asserts ENVO:01001176 under ENVO:01001002 AND ENVO:01001055 'environment associated with an animal part or small animal', so the tighter genus makes every descendant inherit a size-and-partonomy restriction that is false of a whole adult sponge, ascidian, oyster, giant clam or sea urchin. ENVO's own modelling is the decisive evidence: ENVO:01001179 'cnidarian-associated environment' - the closest analogue, a taxon-scoped class over aquatic invertebrates - is asserted under ENVO:01001002 ALONE, and ENVO:01001176 has no children in the slice at all. Not carried as an xref: it is genuinely broader, so recording it would re-import the ancestry this declines.	Porifera
	alga-associated environment	ENVO:01001000	An environmental system determined by an organism which is determined by an alga or by a part of an alga.	https://culturebotai.github.io/HabitatMech/pages/habitats/alga-associated-environment-habitatmech-gold-02383c20a7.html			Requested by HabitatMech. Attested by GOLD, MADIN with 482 upstream assertions across 2 source concept(s): Host-associated > Algae; alga. Definition drafted from the record's deep-research report under research/habitats/ and read against it; the report's proposed wording, genus and near-miss table are the evidence. Parented to the organism root rather than the plant one: algae are polyphyletic and not all of them are green plants.	Algae
	microbe-associated environment	ENVO:01001000	An environmental system determined by a microorganism.	https://culturebotai.github.io/HabitatMech/pages/habitats/microbe-associated-environment-habitatmech-gold-184623c963.html			Requested by HabitatMech. Attested by GOLD with 465 upstream assertions across 1 source concept(s): Host-associated > Microbial. The habitat is the host clade, and it is the entire content of the concept: GOLD organises host-associated isolates by host and every anatomical path hangs off it. Not grounded to the parent, because every clade would then merge onto one record. Same pattern ENVO already has at plant-, animal- and fungi-associated environment. A microorganism as host for another microbe. ENVO's organism-determined branch has plant, animal and fungi children but nothing for a microbial host, which is the commonest host of all in this corpus's sources.	Microbial
	caprine-associated environment	ENVO:01001002	An animal-associated environment which is determined by a sheep or a goat.	https://culturebotai.github.io/HabitatMech/pages/habitats/caprine-associated-environment-habitatmech-bacdive-4d3086a839.html			Requested by HabitatMech. Attested by BACDIVE with 412 upstream assertions across 1 source concept(s): Caprinae-Sheep/Goat. Definition drafted from the record's deep-research report under research/habitats/ and read against it; the report's proposed wording, genus and near-miss table are the evidence. BacDive's label names both hosts and the mapping upstream dropped the sheep half, so the definition keeps both.	Caprinae-Sheep/Goat
	lithic environmental material	ENVO:01000814	A solid environmental material which is a naturally occurring rock, mineral or evaporite deposit, or an excavation or void within one.	https://culturebotai.github.io/HabitatMech/pages/habitats/lithic-environmental-material-habitatmech-bacdive-bf10ea3ae4.html			Requested by HabitatMech. Attested by BACDIVE with 381 upstream assertions across 1 source concept(s): Geologic. Definition drafted from the record's deep-research report under research/habitats/ and read against it. BacDive's Geologic bin spans rock, sediment and subsurface voids; the definition names what they have in common rather than picking one member.	Geologic
	canid-associated environment	ENVO:01001002	An animal-associated environment which is determined by a dog or other canid.	https://culturebotai.github.io/HabitatMech/pages/habitats/canid-associated-environment-habitatmech-bacdive-33fde10528.html			Requested by HabitatMech. Attested by BACDIVE with 344 upstream assertions across 1 source concept(s): Canidae-Dog. Definition follows the established <clade>-associated environment family for BacDive host buckets, whose naming rule the corpus already fixes: a -inae source label yields -ine (Bovinae-Cow,-Cattle -> bovine) and a -idae source label yields -id (Equidae-Horse -> equid, Leporidae-Rabbit/Hare -> leporid, Suidae-Pig,Swine -> suid). No deep-research run was commissioned: the genus, the wording pattern and the near-miss reasoning are already settled by those five siblings and by NCBITaxon, so a billed report would add nothing this slice turns on. Worded like the equid sibling because the source label names one vernacular host inside a wider family: NCBITaxon:9608 'Canidae' also covers foxes, wolves and jackals, so the definition must not silently narrow to the dog.	Canidae-Dog
	internal tissue environment of an endothermic animal	ENVO:2100000	An anatomical entity environment which is determined by an internal organ, solid tissue or enclosed fluid compartment of an endothermic animal, lying beneath its epithelial barriers.	https://culturebotai.github.io/HabitatMech/pages/habitats/internal-tissue-environment-of-an-endothermic-animal-habitatmech-bacdive-319ac5f8f8.html			Requested by HabitatMech. Attested by MADIN with 341 upstream assertions across 1 source concept(s): host_animal_endotherm_intratissue. Definition drafted from the record's deep-research report under research/habitats/ and read against it. Parented to the anatomical-entity root. The report's first-listed genus CURIE was ENVO:08000002 'mouth environment', which is one specific site rather than the class its own definition names.	host_animal_endotherm_intratissue
	murid-associated environment	ENVO:01001002	An animal-associated environment which is determined by a mouse or a rat.	https://culturebotai.github.io/HabitatMech/pages/habitats/murid-associated-environment-habitatmech-bacdive-ab17ecb10f.html			Requested by HabitatMech. Attested by BACDIVE with 325 upstream assertions across 1 source concept(s): Muridae-Mouse/Rat. Definition follows the established <clade>-associated environment family for BacDive host buckets, whose naming rule the corpus already fixes: a -inae source label yields -ine (Bovinae-Cow,-Cattle -> bovine) and a -idae source label yields -id (Equidae-Horse -> equid, Leporidae-Rabbit/Hare -> leporid, Suidae-Pig,Swine -> suid). No deep-research run was commissioned: the genus, the wording pattern and the near-miss reasoning are already settled by those five siblings and by NCBITaxon, so a billed report would add nothing this slice turns on. Worded like the leporid sibling because the source label names two vernacular hosts. Both are Muridae. This is also where the standing #43 finding is repaired in substance: the upstream xref NCBITaxon:10114 'Rattus' drops the mouse, and the definition does not.	Muridae-Mouse/Rat
	nematode-associated environment	ENVO:01001002	An environmental system determined by a nematode.	https://culturebotai.github.io/HabitatMech/pages/habitats/nematode-associated-environment-habitatmech-gold-45a8229be1.html			Requested by HabitatMech. Attested by GOLD with 300 upstream assertions across 1 source concept(s): Host-associated > Invertebrates > Nematoda. The habitat is the host clade, and it is the entire content of the concept: GOLD organises host-associated isolates by host and every anatomical path hangs off it. Not grounded to the parent, because every clade would then merge onto one record. Same pattern ENVO already has at plant-, animal- and fungi-associated environment.	Nematoda
	equid-associated environment	ENVO:01001002	An animal-associated environment which is determined by a horse or other equid.	https://culturebotai.github.io/HabitatMech/pages/habitats/equid-associated-environment-habitatmech-bacdive-09c3544e85.html			Requested by HabitatMech. Attested by BACDIVE with 269 upstream assertions across 1 source concept(s): Equidae-Horse. Definition drafted from the record's deep-research report under research/habitats/ and read against it; the report's proposed wording, genus and near-miss table are the evidence.	Equidae-Horse
	brown-alga-associated environment	ENVO:01001000	An environmental system determined by an organism which is determined by a brown alga.	https://culturebotai.github.io/HabitatMech/pages/habitats/brown-alga-associated-environment-habitatmech-gold-3e4ecbed63.html			Requested by HabitatMech. Attested by GOLD with 231 upstream assertions across 1 source concept(s): Host-associated > Algae > Brown Algae. Definition drafted from the record's deep-research report under research/habitats/ and read against it. Parented to the organism root rather than to alga-associated environment, which is requested in this same batch and does not exist yet; editors should re-parent it if both are minted. Not parented to plant-associated environment: brown algae are stramenopiles, not green plants.	Brown Algae
	diatom-associated environment	ENVO:01001000	An environmental system determined by an organism which is determined by a diatom or by a part of a diatom.	https://culturebotai.github.io/HabitatMech/pages/habitats/diatom-associated-environment-habitatmech-gold-1276bea544.html			Requested by HabitatMech. Attested by GOLD with 218 upstream assertions across 1 source concept(s): Host-associated > Algae > Diatoms. Definition curated from the committed alga-associated research report and cross-checked against its green- and brown-alga sibling reports. Diatoms are the 218-assertion GOLD child of Algae; ENVO has no diatom- or general alga-associated environment, plant-associated environment excludes Bacillariophyta, and the Bacillariophyta taxon remains an xref rather than a habitat identity. The GOLD hierarchy separately preserves alga-associated environment as the immediate HabitatMech parent.	Diatoms|diatom host environment
	leporid-associated environment	ENVO:01001002	An animal-associated environment which is determined by a rabbit or a hare.	https://culturebotai.github.io/HabitatMech/pages/habitats/leporid-associated-environment-habitatmech-bacdive-82dc7d11b9.html			Requested by HabitatMech. Attested by BACDIVE with 217 upstream assertions across 1 source concept(s): Leporidae-Rabbit/Hare. Definition drafted from the record's deep-research report under research/habitats/ and read against it. BacDive's label names both hosts, so the definition keeps both.	Leporidae-Rabbit/Hare
	chelicerate-associated environment	ENVO:01001002	An animal-associated environment which is determined by a chelicerate or by a part of a chelicerate.	https://culturebotai.github.io/HabitatMech/pages/habitats/chelicerate-associated-environment-habitatmech-gold-44a2cbbd60.html			Requested by HabitatMech. Attested by GOLD with 169 upstream assertions across 1 source concept(s): Host-associated > Arthropoda: Chelicerates. Definition curated from the committed deep-research report. Parented to animal-associated environment rather than the broader organism-determined root; the existing NCBITaxon:6656 reference is deliberately retained only as a broader taxonomic xref because it denotes all arthropods, not this habitat.	Arthropoda: Chelicerates
	inland saline or alkaline aquatic environment	ENVO:01000317	An aquatic environment which is determined by an inland water body whose water is substantially more saline than fresh water, substantially more alkaline than circumneutral water, or both.	https://culturebotai.github.io/HabitatMech/pages/habitats/inland-saline-or-alkaline-aquatic-environment-habitatmech-gold-ce244e62cd.html			Requested by HabitatMech. Attested by BACDIVE, GOLD with 158 upstream assertions across 2 source concept(s): Non-marine-Saline-and-Alkaline; Environmental > Aquatic > Non-marine Saline and Alkaline. Definition curated from the committed deep-research report for this record (#110, #185). The “or both” wording preserves GOLD's disjunctive hierarchy instead of claiming every child is simultaneously saline and alkaline. “Inland” is preferred to “non-marine” because marine-derived inland brines can remain geographically inland, while “athalassohaline” is not an exact synonym because it classifies water by ionic composition rather than location. Parent replacement is intentional: GOLD's inherited aquatic-biome edge is false for the node's operated-setting descendants, whereas ENVO's aquatic-environment genus covers both natural and engineered water-determined settings. Dropped the exact synonym 'Non-marine-Saline-and-Alkaline' (#213): it is BacDive's label for the concept GOLD spells 'Non-marine Saline and Alkaline', and the two differ only in punctuation. Both source labels survive on the record's source_attestations, where they identify which source said what; as a pair of EXACT synonyms they would read to an ENVO editor as the same string written twice. Found by the guard added for this issue, not by the review that filed it.	Non-marine Saline and Alkaline|continental saline waters|inland saline waters|saline inland waters
	annelid-associated environment	ENVO:01001002	An animal-associated environment which is determined by an annelid.	https://culturebotai.github.io/HabitatMech/pages/habitats/annelid-associated-environment-habitatmech-gold-6e10201167.html			Requested by HabitatMech. Attested by GOLD with 150 upstream assertions across 1 source concept(s): Host-associated > Annelida. Definition drafted from the record's deep-research report under research/habitats/ and read against it; the report's proposed wording, genus and near-miss table are the evidence.	Annelida
	reptile-associated environment	ENVO:01001002	An environmental system determined by a reptile.	https://culturebotai.github.io/HabitatMech/pages/habitats/reptile-associated-environment-habitatmech-gold-1b11698aaa.html			Requested by HabitatMech. Attested by GOLD with 133 upstream assertions across 1 source concept(s): Host-associated > Reptilia. The habitat is the host clade, and it is the entire content of the concept: GOLD organises host-associated isolates by host and every anatomical path hangs off it. Not grounded to the parent, because every clade would then merge onto one record. Same pattern ENVO already has at plant-, animal- and fungi-associated environment. kg-microbe maps this to NCBITaxon:8504 Lepidosauria, which is over-narrow — it excludes turtles and crocodilians that Reptilia covers — so the taxon route does not solve it either.	Reptilia
	green-alga-associated environment	ENVO:01001001	A plant-associated environment which is determined by a green alga or by a part of a green alga.	https://culturebotai.github.io/HabitatMech/pages/habitats/green-alga-associated-environment-habitatmech-gold-184cc9e802.html			Requested by HabitatMech. Attested by GOLD with 108 upstream assertions across 1 source concept(s): Host-associated > Algae > Green algae. Definition curated from the committed deep-research report. Green algae are Viridiplantae, so plant-associated environment is the tightest existing ontology parent even though algae as a whole are polyphyletic; the GOLD hierarchy separately preserves alga-associated environment as the immediate HabitatMech parent, and the FOODON taxon term remains an xref.	Green algae
	felid-associated environment	ENVO:01001002	An animal-associated environment which is determined by a cat or other felid.	https://culturebotai.github.io/HabitatMech/pages/habitats/felid-associated-environment-habitatmech-bacdive-e6b73de092.html			Requested by HabitatMech. Attested by BACDIVE with 95 upstream assertions across 1 source concept(s): Felidae-Cat. Definition follows the established <clade>-associated environment family for BacDive host buckets, whose naming rule the corpus already fixes: a -inae source label yields -ine (Bovinae-Cow,-Cattle -> bovine) and a -idae source label yields -id (Equidae-Horse -> equid, Leporidae-Rabbit/Hare -> leporid, Suidae-Pig,Swine -> suid). No deep-research run was commissioned: the genus, the wording pattern and the near-miss reasoning are already settled by those five siblings and by NCBITaxon, so a billed report would add nothing this slice turns on. Worded like the equid sibling for the same reason as the canid row: NCBITaxon:9681 'Felidae' is wider than the domestic cat the source label names.	Felidae-Cat
	insect larva-associated environment	ENVO:01001002	An animal-associated environment which is determined by an insect in its larval stage.	https://culturebotai.github.io/HabitatMech/pages/habitats/insect-larva-associated-environment-habitatmech-gold-1cbfc76870.html			Requested by HabitatMech. Attested by GOLD with 94 upstream assertions across 1 source concept(s): Host-associated > Arthropoda: Insects > Larva. Definition curated from the committed deep-research report. The GOLD path is specifically Arthropoda: Insects > Larva, so this is narrower than a general larva-associated environment; UBERON:0002548 remains an anatomy/life-stage xref rather than a habitat parent.	Larva
	ascidian-associated environment	ENVO:01001002	An animal-associated environment which is determined by an ascidian or by a part of an ascidian.	https://culturebotai.github.io/HabitatMech/pages/habitats/ascidian-associated-environment-habitatmech-gold-34c28836da.html			Requested by HabitatMech. Attested by GOLD with 79 upstream assertions across 1 source concept(s): Host-associated > Tunicates > Ascidians. Definition curated from the committed deep-research report. The aquatic-invertebrate class is a tighter existing genus than animal-associated environment; the GOLD Tunicates > Ascidians hierarchy preserves the broader tunicate-associated HabitatMech parent. Genus moved from ENVO:01001176 'environment associated with an aquatic invertebrate' to ENVO:01001002 (#210), with the whole aquatic-invertebrate host family rather than record by record - #210 was filed over three records and the genus is actually held by five, so fixing only the three would have rebuilt the same split it reports. Both terms are true of the concept, so this chooses between two true genera on what each drags in: ENVO asserts ENVO:01001176 under ENVO:01001002 AND ENVO:01001055 'environment associated with an animal part or small animal', so the tighter genus makes every descendant inherit a size-and-partonomy restriction that is false of a whole adult sponge, ascidian, oyster, giant clam or sea urchin. ENVO's own modelling is the decisive evidence: ENVO:01001179 'cnidarian-associated environment' - the closest analogue, a taxon-scoped class over aquatic invertebrates - is asserted under ENVO:01001002 ALONE, and ENVO:01001176 has no children in the slice at all. Not carried as an xref: it is genuinely broader, so recording it would re-import the ancestry this declines.	Ascidians|sea squirt-associated environment
	red-alga-associated environment	ENVO:01001000	An environmental system determined by an organism which is determined by a red alga or by a part of a red alga.	https://culturebotai.github.io/HabitatMech/pages/habitats/red-alga-associated-environment-habitatmech-gold-e789c273d0.html			Requested by HabitatMech. Attested by GOLD with 73 upstream assertions across 1 source concept(s): Host-associated > Algae > Red algae. Definition curated from the committed deep-research report. Parented to the organism-determined root because red algae are not green plants; the GOLD hierarchy separately preserves alga-associated environment as the immediate HabitatMech parent, and the FOODON taxon term remains an xref.	Red algae
	indoor air	ENVO:00002005	Air which is contained within the interior space of a building or other roofed construction, and which is thereby separated from the outdoor atmosphere by that structure's envelope.	https://culturebotai.github.io/HabitatMech/pages/habitats/indoor-air-habitatmech-gold-40979f5751.html			Requested by HabitatMech. Attested by GOLD with 72 upstream assertions across 1 source concept(s): Environmental > Air > Indoor Air. Definition authored from the record's committed deep-research report under research/habitats/, read in full; the report's proposed sentence, genus and near-miss table are the evidence. No new research was commissioned. ENVO has no indoor-air term and three open issues ask for one (#858 2019, #980 2020, #1179 2021), one proposing the same containment differentia. The report asks for the indoor and outdoor pair together, which this and the outdoor-air row do. The genus is already the record's parent, so ADD. Dropped the exact synonym 'indoor-air' (#213): it is a URL slug differing from the source label only by case and a hyphen, not a name anyone uses, and an exact synonym is a claim about usage. Dropped the source label 'Indoor Air' from exact_synonym as well (#213): it differs from the requested label only in case, so as an ENVO synonym it asserts nothing, and the source label is already preserved in the record's source_attestations. Replaced with two names the report attests in real use - 'room air' (MIxS 'room air exchange rate') and 'interior air'.	interior air|room air
	aquatic mammal-associated environment	ENVO:01001002	An animal-associated environment which is determined by a mammal that inhabits water, or by a part of such a mammal.	https://culturebotai.github.io/HabitatMech/pages/habitats/aquatic-mammal-associated-environment-habitatmech-bacdive-15180e7ff9.html			Requested by HabitatMech. Attested by BACDIVE with 69 upstream assertions across 1 source concept(s): Aquatic-mammal. Definition authored from the record's committed deep-research report under research/habitats/, read in full; the report's proposed sentence, genus and near-miss table are the evidence. No new research was commissioned. Covers cetaceans, sirenians, pinnipeds and aquatic carnivorans, which is what the source bin holds. Same disposition already recorded for Fish, Birds, Mammals and Sponges.	Aquatic-mammal
	macroalgal bed	ENVO:01001378	A marine bed which is covered by one or more species of attached macroalgae, typically belonging to the Phaeophyceae, Rhodophyta or Ulvophyceae.	https://culturebotai.github.io/HabitatMech/pages/habitats/macroalgal-bed-habitatmech-gold-0e7a5162bb.html			Requested by HabitatMech. Attested by GOLD with 69 upstream assertions across 1 source concept(s): Environmental > Aquatic > Marine > Seaweed. Definition authored from the record's committed deep-research report under research/habitats/, read in full; the report's proposed sentence, genus and near-miss table are the evidence. No new research was commissioned. Labelled for the setting, not the organism: the report is explicit that 'Seaweed' names an organism, which FOODON:03412266 already does, while the concept here is a benthic place. Modelled on the sibling ENVO:01000059 'sea grass bed'. REPLACE because the inherited ENVO:00001999 'marine water body' is not broader - a bed underlies a water body rather than being a kind of one.	Seaweed|algal bed|seaweed bed|seaweed forest
	aquatic macrophyte-associated environment	ENVO:01001000	An environmental system determined by an aquatic macrophyte, or by a part of an aquatic macrophyte.	https://culturebotai.github.io/HabitatMech/pages/habitats/aquatic-macrophyte-associated-environment-habitatmech-bacdive-38260eea00.html			Requested by HabitatMech. Attested by BACDIVE with 66 upstream assertions across 1 source concept(s): Aquatic-plant. Definition authored from the record's committed deep-research report under research/habitats/, read in full; the report's proposed sentence, genus and near-miss table are the evidence. No new research was commissioned. Genus is ENVO:01001000 rather than ENVO:01001001 'plant-associated environment' because aquatic macrophytes include macroalgae and aquatic bryophytes, which are not plants; the report is explicit on this. Labelled macrophyte rather than plant for the same reason.	Aquatic-plant
	lichen-associated environment	ENVO:01001041	A fungi-associated environment which is determined by a lichen thallus.	https://culturebotai.github.io/HabitatMech/pages/habitats/lichen-associated-environment-habitatmech-gold-5e1a5d695c.html			Requested by HabitatMech. Attested by GOLD with 66 upstream assertions across 1 source concept(s): Host-associated > Fungi > Lichen. Definition curated from the committed deep-research report. GOLD files the composite lichen thallus under Fungi and the fungal partner supplies its nomenclatural identity, making fungi-associated environment the narrowest defensible existing genus; the FOODON organism term remains an xref.	Lichen
	indoor dust	ENVO:00002008	A dust which settles and accumulates on interior surfaces of a built structure, and which is a heterogeneous mixture of particles shed by occupants, pets and furnishings, tracked-in soil, and deposited outdoor-derived particulate matter.	https://culturebotai.github.io/HabitatMech/pages/habitats/indoor-dust-habitatmech-gold-398aeb6c37.html			Requested by HabitatMech. Attested by GOLD with 65 upstream assertions across 1 source concept(s): Environmental > Air > Indoor Air > Dust. Definition authored from the record's committed deep-research report under research/habitats/, read in full; the report's proposed sentence, genus and near-miss table are the evidence. No new research was commissioned. Introduces a setting-based differentia under ENVO:00002008 'dust', where every existing child is differentiated by composition or source material. REPLACE because the inherited parent was the GOLD path parent habitatmech:GOLD.40979f5751 'Indoor Air', and dust is not a kind of air.	Dust|house dust|settled dust
	oyster-associated environment	ENVO:01001002	An animal-associated environment which is determined by an oyster, or by a part of an oyster.	https://culturebotai.github.io/HabitatMech/pages/habitats/oyster-associated-environment-habitatmech-gold-fd2443a2c3.html			Requested by HabitatMech. Attested by GOLD with 61 upstream assertions across 1 source concept(s): Host-associated > Mollusca > Oyster. Definition authored from the record's committed deep-research report under research/habitats/, read in full; the report's proposed sentence, genus and near-miss table are the evidence. No new research was commissioned. NCBITaxon:6563 and FOODON:03411224 stay xrefs: the concept is the animal-as-place, not the taxon. The genus is one level tighter than animal-associated environment and has no children in ENVO yet. Genus moved from ENVO:01001176 'environment associated with an aquatic invertebrate' to ENVO:01001002 (#210), with the whole aquatic-invertebrate host family rather than record by record - #210 was filed over three records and the genus is actually held by five, so fixing only the three would have rebuilt the same split it reports. Both terms are true of the concept, so this chooses between two true genera on what each drags in: ENVO asserts ENVO:01001176 under ENVO:01001002 AND ENVO:01001055 'environment associated with an animal part or small animal', so the tighter genus makes every descendant inherit a size-and-partonomy restriction that is false of a whole adult sponge, ascidian, oyster, giant clam or sea urchin. ENVO's own modelling is the decisive evidence: ENVO:01001179 'cnidarian-associated environment' - the closest analogue, a taxon-scoped class over aquatic invertebrates - is asserted under ENVO:01001002 ALONE, and ENVO:01001176 has no children in the slice at all. Not carried as an xref: it is genuinely broader, so recording it would re-import the ancestry this declines.	Oyster
	bivalve-associated environment	ENVO:01001002	An animal-associated environment which is determined by a bivalve mollusc, or by a part of a bivalve mollusc.	https://culturebotai.github.io/HabitatMech/pages/habitats/bivalve-associated-environment-habitatmech-gold-59e8d1205d.html			Requested by HabitatMech. Attested by GOLD with 59 upstream assertions across 1 source concept(s): Host-associated > Mollusca > Bivalves. Definition authored from the record's committed deep-research report under research/habitats/, read in full; the report's proposed sentence, genus and near-miss table are the evidence. No new research was commissioned. FOODON:03412113 'bivalve' is a food-product class rather than a host organism, so it is the wrong kind of term entirely and is not used. ADD keeps the GOLD parent and the already-present ENVO:01001002, of which the tighter genus is a descendant. Dropped the exact synonym 'Bivalvia-associated environment' (#213): it was coined at authoring time to mirror the requested label, is attested by no source and proposed by no report, and an exact synonym asserts that people actually use the name. Genus moved from ENVO:01001176 'environment associated with an aquatic invertebrate' to ENVO:01001002 (#210), with the whole aquatic-invertebrate host family rather than record by record - #210 was filed over three records and the genus is actually held by five, so fixing only the three would have rebuilt the same split it reports. Both terms are true of the concept, so this chooses between two true genera on what each drags in: ENVO asserts ENVO:01001176 under ENVO:01001002 AND ENVO:01001055 'environment associated with an animal part or small animal', so the tighter genus makes every descendant inherit a size-and-partonomy restriction that is false of a whole adult sponge, ascidian, oyster, giant clam or sea urchin. ENVO's own modelling is the decisive evidence: ENVO:01001179 'cnidarian-associated environment' - the closest analogue, a taxon-scoped class over aquatic invertebrates - is asserted under ENVO:01001002 ALONE, and ENVO:01001176 has no children in the slice at all. Not carried as an xref: it is genuinely broader, so recording it would re-import the ancestry this declines.	Bivalves
	sea urchin-associated environment	ENVO:01001002	An animal-associated environment which is determined by a sea urchin, or by a part of a sea urchin.	https://culturebotai.github.io/HabitatMech/pages/habitats/sea-urchin-associated-environment-habitatmech-gold-b19422ad27.html			Requested by HabitatMech. Attested by GOLD with 53 upstream assertions across 1 source concept(s): Host-associated > Invertebrates > Echinodermata > Sea Urchin. Definition authored from the record's committed deep-research report under research/habitats/, read in full; the report's proposed sentence, genus and near-miss table are the evidence. No new research was commissioned. Worded like the existing ENVO:01001179 'cnidarian-associated environment', which is ENVO's own precedent for a taxon-scoped associated-environment class. The report recommends ENVO:01001002 rather than the tighter ENVO:01001176; the Echinodermata GOLD parent is kept, so ADD.	Sea Urchin|echinoid-associated environment
	outdoor air	ENVO:00002005	Air which is not enclosed by a building envelope or other construction, and which is therefore in continuous exchange with the planetary atmosphere.	https://culturebotai.github.io/HabitatMech/pages/habitats/outdoor-air-habitatmech-gold-d263dfb09c.html			Requested by HabitatMech. Attested by GOLD with 42 upstream assertions across 1 source concept(s): Environmental > Air > Outdoor Air. Definition authored from the record's committed deep-research report under research/habitats/, read in full; the report's proposed sentence, genus and near-miss table are the evidence. No new research was commissioned. The enclosure split is the primary partition of GOLD's whole Air branch and is written into US 40 CFR 50.1(e) and EU Directive 2008/50/EC. The report's public-access qualifier in those legal texts is regulatory scoping and is deliberately NOT imported: air over a fenced yard is still outdoor air. Requested as a pair with indoor air. Dropped the source label 'Outdoor Air' from exact_synonym (#213), on the same reasoning as the indoor-air row: case-only variants of the requested label are not synonyms. 'ambient air' is the attested one and is kept.	ambient air
	amphibian-associated environment	ENVO:01001002	An animal-associated environment which is determined by an amphibian.	https://culturebotai.github.io/HabitatMech/pages/habitats/amphibian-associated-environment-habitatmech-gold-0cd585a031.html			Requested by HabitatMech. Attested by GOLD with 41 upstream assertions across 1 source concept(s): Host-associated > Amphibia. Definition drafted from the record's deep-research report under research/habitats/ and read against it; the report's proposed wording, genus and near-miss table are the evidence.	Amphibia
	protozoan-associated environment	ENVO:01001000	An environmental system determined by an organism which is determined by a protozoan.	https://culturebotai.github.io/HabitatMech/pages/habitats/protozoan-associated-environment-habitatmech-gold-f3d8c3793f.html			Requested by HabitatMech. Attested by GOLD with 32 upstream assertions across 1 source concept(s): Host-associated > Protozoa. Definition drafted from the record's deep-research report under research/habitats/ and read against it; the report's proposed wording, genus and near-miss table are the evidence. Parented to the organism root rather than the animal one: a protozoan is not an animal.	Protozoa
	cooling tower	ENVO:00000070	A human construction which rejects waste heat from a recirculating water loop by evaporating part of that water into an air stream drawn through the structure, and which retains the remaining water in an open basin between passes.	https://culturebotai.github.io/HabitatMech/pages/habitats/cooling-tower-habitatmech-bacdive-71d5f01e03.html			Requested by HabitatMech. Attested by BACDIVE with 26 upstream assertions across 1 source concept(s): Cooling-tower. Definition authored from the record's committed deep-research report under research/habitats/, read in full, and rechecked against EPA WaterSense, DOE FEMP and CDC cooling-tower guidance; no new paid research was commissioned. ENVO has cooling water and water-cooling process terms but no site term for the open recirculating heat-rejection construction. NCIT:C48957 'Tower' remains rejected as a generic tower label, not a broader cooling-tower habitat. ADD keeps any source-inherited hierarchy and supplies ENVO:00000070 as a true ontology genus.
	tunicate-associated environment	ENVO:01001002	An animal-associated environment which is determined by a tunicate or by a part of a tunicate.	https://culturebotai.github.io/HabitatMech/pages/habitats/tunicate-associated-environment-habitatmech-gold-78c645fff9.html			Requested by HabitatMech. Attested by GOLD with 23 upstream assertions across 1 source concept(s): Host-associated > Tunicates. Definition drafted from the record's deep-research report under research/habitats/ and read against it; the report's proposed wording, genus and near-miss table are the evidence.	Tunicates
	echinoderm-associated environment	ENVO:01001002	An animal-associated environment which is determined by an echinoderm or by a part of an echinoderm.	https://culturebotai.github.io/HabitatMech/pages/habitats/echinoderm-associated-environment-habitatmech-gold-e1f435d44b.html			Requested by HabitatMech. Attested by GOLD with 21 upstream assertions across 1 source concept(s): Host-associated > Invertebrates > Echinodermata. Definition authored from the record's committed deep-research report under research/habitats/, read in full; no new research was commissioned. Completes the invertebrate ladder (#222): invertebrate-, mollusc- and tunicate-associated environment were already authored at this rung on ENVO:01001002, and the echinoderm branch was the only one with neither a term nor an ontology parent - which is how it stayed unnoticed, since a record with no ontology parent is invisible to every ancestry-based screen. Worded exactly like the mollusc and tunicate siblings. FOODON:03412115 'echinoderm' and NCBITaxon:7586 stay xrefs: the phylum is a class of organisms, not a place (#99, #114). Genus is ENVO:01001002 and NOT the ENVO:01001176 this report recommends (#210, #222). The report is the fourth on this family to reach that recommendation and it makes the case against itself more clearly than any of the others: its own near-miss table rejects ENVO:01001055 'environment associated with an animal part or small animal' because 'the source concept is whole organisms across five classes spanning millimetre brittle stars to metre-long holothurians', and ENVO asserts ENVO:01001176 as a subclass of exactly that term - so the recommended genus imports the restriction the same paragraph refuses. The report also cites ENVO:01001179 'cnidarian-associated environment' as precedent for phylum-level granularity and notes it is asserted DIRECTLY under ENVO:01001002; that is the fact which decides against ENVO:01001176 rather than for it. Recorded rather than silently overridden, because a report is evidence for a curator and not an input. Dropped the exact synonym 'Echinodermata-associated environment' before merge (#229): it was coined at authoring time to mirror the requested label and is attested by no source and proposed by no report - the same construction #213 removed for 'Bivalvia-associated environment'. It passes the guard added there because it does not squash to the requested label, which is why that guard is not sufficient on its own. The GOLD source label is kept.	Echinodermata
	waste gas	ENVO:01000797	A gaseous environmental material which is discharged from an anthropogenic process to a stack or to abatement equipment, and which bears a load of volatile organic, nitrogenous or reduced-sulfur pollutants.	https://culturebotai.github.io/HabitatMech/pages/habitats/waste-gas-habitatmech-bacdive-3eec8fcfc4.html			Requested by HabitatMech. Attested by BACDIVE with 20 upstream assertions across 1 source concept(s): Waste-gas. Definition authored from the record's committed deep-research report under research/habitats/, read in full; no new paid research was commissioned. The source is BacDive's Engineered > Waste > Waste gas MISO node. ENVO already places diesel exhaust and gasoline exhaust under ENVO:01000797, so this term belongs in the gaseous-material branch. ENVO:01001155 'astrogeological gas' remains rejected as a bare gas-synonym lexical hit. ENVO:00002267 'industrial waste material' is only a near-miss: it names gaseous wastes from manufacturing, but waste gas also covers agricultural, composting and wastewater exhaust. The BacDive attestations are waste-gas biofilter cohorts; the gas stream and biofilter bed must remain separate habitats.
	dinoflagellate-associated environment	ENVO:01001000	An environmental system determined by a dinoflagellate.	https://culturebotai.github.io/HabitatMech/pages/habitats/dinoflagellate-associated-environment-habitatmech-gold-94019ddb33.html			Requested by HabitatMech. Attested by GOLD with 19 upstream assertions across 2 source concept(s): Host-associated > Protists > Dinoflagellates; Host-associated > Algae > Dinoflagellates. Definition curated from existing item-level #108 and #161 decisions plus the committed alga- and microbe-associated reports; no new paid research was commissioned. GOLD files the asserted Dinoflagellates host paths under both Protists and Algae, with a zero-count duplicate under Microbial merged by #258; all three denote a dinoflagellate host as a microbial habitat. ENVO has no dinoflagellate-, protist-, alga-, or microbe-associated environment, so ENVO:01001000 is the tightest existing ontology parent and NCBITaxon:2864 remains an xref rather than the habitat identity.	Dinoflagellates
	sea cucumber-associated environment	ENVO:01001002	An animal-associated environment which is determined by a sea cucumber, or by a part of a sea cucumber.	https://culturebotai.github.io/HabitatMech/pages/habitats/sea-cucumber-associated-environment-habitatmech-gold-67b0fd9ee7.html			Requested by HabitatMech. Attested by GOLD with 17 upstream assertions across 1 source concept(s): Host-associated > Invertebrates > Echinodermata > Sea cucumber. Definition authored from the record's committed deep-research report under research/habitats/, read in full; no new research was commissioned. Flagged in the sea urchin report months before its own was read, and authored with the echinoderm rung above it rather than alone (#222). This report recommends ENVO:01001002 directly, so no override is needed here. ENVO:01001187 'holothurian digestive tract' and ENVO:01001188 'holothurian digestive tract contents' are in the slice and are deliberately NOT parents: both are organ-scoped and therefore NARROWER than this whole-host concept, and parent_habitats means strictly broader. The record's 17 ORGANISM assertions carry no compartment breakdown upstream, so there is nothing to attach them to. FOODON:02022154 'sea cucumber' stays an xref. Dropped the exact synonym 'holothurian-associated environment' before merge (#229): it was coined at authoring time to mirror the requested label and is attested by no source and proposed by no report - the same construction #213 removed for 'Bivalvia-associated environment'. It passes the guard added there because it does not squash to the requested label, which is why that guard is not sufficient on its own. The GOLD source label is kept.	Sea cucumber
	active sourdough starter	ENVO:03600040	A fermentation starter which consists of cereal flour and water acidified by the growth of lactic acid bacteria and yeasts, and which is maintained in a metabolically active state by repeated backslopping until baking ends it.	https://culturebotai.github.io/HabitatMech/pages/habitats/active-sourdough-starter-habitatmech-gold-3153798c1a.html			Requested by HabitatMech. Attested by GOLD with 15 upstream assertions across 1 source concept(s): Engineered > Food production > Sourdough. Definition authored from the record's committed deep-research report under research/habitats/, read in full; no new paid research was commissioned. Labelled 'active sourdough starter' to avoid colliding with FOODON:03302481 'sourdough bread', which incorrectly claims 'sourdough' as a synonym of the baked product; the requested term is the metabolically active habitat before baking. The report recommends minting because the baked-bread term is a false identity and FoodOn's unvendored sourdough-starter terms have commodity or facet-bundle semantics that over-claim relative to GOLD's Sourdough source. ENVO:03600040 'fermentation starter' is the tightest vendored genus and keeps Sourdough under GOLD's Fermentation starter sibling.	Sauerteig|chef|levain|mother dough|sourdough culture|sourdough starter
	amoebozoan-associated environment	ENVO:01001000	An environmental system determined by an amoebozoan.	https://culturebotai.github.io/HabitatMech/pages/habitats/amoebozoan-associated-environment-habitatmech-gold-6a7bcba80d.html			Requested by HabitatMech. Attested by GOLD with 13 upstream assertions across 1 source concept(s): Host-associated > Amoebozoa. Definition authored from the existing item-level #108 decision; no new paid research was commissioned. GOLD's Host-associated > Amoebozoa source denotes amoebozoans acting as microbial hosts and carries 13 organism assertions. ENVO:01001000 is the tightest vendored ontology genus because amoebozoans are eukaryotes outside the existing animal-, plant- and fungi-associated environment branches. The zero-assertion sibling at Host-associated > Protists > Amoebozoa remains SEEDED and still needs its own item-level decision before it can be defined or merged.	Amoebozoa
	serpentinization-hosted carbonate hydrothermal vent chimney	ENVO:01000129	A marine hydrothermal vent chimney which is built of brucite and calcium and magnesium carbonates precipitated where low-temperature, hyperalkaline, hydrogen- and methane-rich fluid produced by serpentinization of ultramafic rock mixes with seawater.	https://culturebotai.github.io/HabitatMech/pages/habitats/serpentinization-hosted-carbonate-hydrothermal-vent-chimney-habitatmech-gold-1208484062.html			Requested by HabitatMech. Attested by GOLD with 12 upstream assertions across 1 source concept(s): Environmental > Aquatic > Non-marine Saline and Alkaline > Alkaline > Carbonate. Definition authored from a Carbonate evidence review. The review checked ten of the twelve current organism assertions against the 2021 GOLD export and isolate descriptions, found only Prony Hydrothermal Field carbonate-chimney isolates, and concluded that GOLD's bare Carbonate leaf denotes a serpentinization-driven carbonate chimney rather than carbonate-rich soda-lake water. ENVO:01000129 'marine hydrothermal vent chimney' is the tightest vendored genus because existing alkaline-water, microbialite, carbonate-rock and smoker terms describe the wrong material, process or vent type. parent_mode=REPLACE intentionally drops the inherited Alkaline parent because it is marked NOT_APPLICABLE and because this leaf is marine or intertidal despite GOLD's Non-marine bucket. Two organism rows added after the local 2021 GOLD export remain unchecked because live GOLD fetches returned 403.	carbonaceous chimney|carbonate chimney|carbonate edifice
	peat moss-associated environment	ENVO:01001001	A plant-associated environment which is determined by a living Sphagnum gametophore, and which comprises the surfaces of its stem and phyllids together with the water-filled lumina of its hyaline cells and the capillary spaces between them.	https://culturebotai.github.io/HabitatMech/pages/habitats/peat-moss-associated-environment-habitatmech-gold-7f57b82cab.html			Requested by HabitatMech. Attested by GOLD with 11 upstream assertions across 1 source concept(s): Host-associated > Plants > Peat moss. Definition authored from the record's committed deep-research report under research/habitats/, read in full; no new paid research was commissioned. The report recommends minting because GOLD's Host-associated > Plants > Peat moss source denotes living Sphagnum gametophores and their surface, hyaline-cell and capillary-water microhabitats, while ENVO's sphagnum bog, peat soil, peatland and moss-dominated vegetation classes denote the surrounding ecosystem, dead peat, or a landcover class. ENVO:01001001 'plant-associated environment' is the tightest vendored genus; ENVO:01001057 'environment associated with a plant part or small plant' is a near miss because it includes dead plant matter and sits outside the host-associated branch. mesh:D044003 'Sphagnopsida' remains an xref because it is a taxon rather than a habitat.	Sphagnum moss-associated environment|Sphagnum-associated environment|bog moss-associated environment
	platyhelminth-associated environment	ENVO:01001002	An animal-associated environment which is determined by a platyhelminth or by a part of a platyhelminth.	https://culturebotai.github.io/HabitatMech/pages/habitats/platyhelminth-associated-environment-habitatmech-gold-769955119f.html			Requested by HabitatMech. Attested by GOLD with 11 upstream assertions across 1 source concept(s): Host-associated > Invertebrates > Platyhelminthes. Definition authored from the existing item-level #108 decision; no new paid research was commissioned. GOLD's Host-associated > Invertebrates > Platyhelminthes source denotes flatworms acting as microbial hosts and carries 11 organism assertions. ENVO:01001002 is the tightest existing ontology genus because flatworms are animals, while the source-inherited invertebrate-associated parent preserves the narrower GOLD host grouping separately.	Platyhelminthes
	persistent organic pollutant bioremediation material	ENVO:00010483	An environmental material which has elevated concentrations of one or more persistent organic pollutants and which is targeted for microbially mediated remediation.	https://culturebotai.github.io/HabitatMech/pages/habitats/persistent-organic-pollutant-bioremediation-material-habitatmech-gold-1a78606807.html			Requested by HabitatMech. Attested by GOLD with 9 upstream assertions across 1 source concept(s): Engineered > Bioremediation > Persistent organic pollutants (POP). Definition authored from the record's committed deep-research report under research/habitats/, read in full; no new paid research was commissioned. GOLD places the leaf under Engineered > Bioremediation and names a contaminant class rather than a sampled substance, so the record denotes the contaminated matrix being remediated, not the persistent organic pollutants themselves. ENVO:00010483 'environmental material' is the tightest vendored genus broad enough to cover POP-contaminated soil, sediment, sludge and water; ENVO:00002116 'contaminated soil' and ENVO:03600001 'chemically contaminated sediment' remain narrower material-specific near misses, and ENVO:00002204 'anthropogenic contamination feature' is a geographic feature rather than a material. The definition uses criteria-based persistent organic pollutants instead of the current Stockholm Convention list because PAHs sit under this source path in GOLD and are covered by CLRTAP rather than Stockholm.
	leaf-or-stem spot lesion environment	ENVO:01001057	An environment associated with a plant part or small plant which is determined by a discrete necrotic or chlorotic spot lesion on a leaf or stem of a living plant, and which is formed by a localized infection that does not spread systemically through the host.	https://culturebotai.github.io/HabitatMech/pages/habitats/leaf-or-stem-spot-lesion-environment-habitatmech-bacdive-31392c69b9.html			Requested by HabitatMech. Attested by BACDIVE with 5 upstream assertions across 1 source concept(s): Spot-Leaf,Stem. Definition authored from the record's committed deep-research report under research/habitats/, read in full; no new paid research was commissioned. The report confirms BacDive's Infection > Plant infections > Spot (Leaf,Stem) source denotes a localized plant spot lesion rather than the healthy leaf or stem organ. ENVO:01001057 'environment associated with a plant part or small plant' is the tightest vendored genus while ENVO lacks a shared plant-infection-site environment parent. PO:0009047 'stem' drops the leaf disjunct and would collide with both Rot-Root,Stem and Stem-Branch; PO:0025034 'leaf' drops the stem disjunct; ENVO:01000170 'indeterminate root nodule infection zone' is a symbiotic, root-specific near miss; disease, trait, and clinical necrotic-lesion terms are the wrong entity type.	Spot (Leaf,Stem)
	anaerobic wastewater treatment reactor	ENVO:00002124	An anaerobic bioreactor which removes dissolved organic matter from a wastewater stream under conditions lacking dissolved oxygen and oxidized nitrogen.	https://culturebotai.github.io/HabitatMech/pages/habitats/anaerobic-wastewater-treatment-reactor-habitatmech-gold-bb0eb00ccb.html			Requested by HabitatMech. Attested by GOLD with 3 upstream assertions across 1 source concept(s): Engineered > Wastewater > Nutrient removal > Dissolved organics (anaerobic). Definition authored from the committed deep-research report; no new paid research was commissioned. The report re-reads GOLD's Dissolved organics (anaerobic) source path as an anaerobic secondary wastewater-treatment unit rather than a free dissolved-organic analyte, and it identifies ENVO:00002124 'anaerobic bioreactor' as the tightest existing genus because ENVO lacks an anaerobic wastewater treatment reactor class while narrower descendants such as ENVO:00002213 'anaerobic sludge blanket reactor' over-specify reactor geometry. parent_mode=REPLACE intentionally drops GOLD's Nutrient removal parent: the source bucket is a loose secondary-treatment grouping, but removing dissolved organic carbon is carbon/BOD removal rather than nutrient removal.
	brown algal embryo	ENVO:01001000	An environmental system determined by an organism which is a brown alga between fertilisation and the differentiated juvenile thallus, attached to a hard marine substratum by self-secreted adhesive.	https://culturebotai.github.io/HabitatMech/pages/habitats/brown-algal-embryo-habitatmech-gold-32330da5da.html			Requested by HabitatMech. Attested by GOLD with 3 upstream assertions across 1 source concept(s): Host-associated > Algae > Brown Algae > Embryo. Definition authored from the record's committed deep-research report under research/habitats/, read in full; the report's proposed sentence, genus and near-miss table are the evidence. No new research was commissioned. Labelled 'brown algal embryo' and not 'embryo' on the report's explicit instruction: the bare label must not be the definiendum, because in GOLD 'Embryo' is a reusable life-stage slot - the same thing MIxS models as host_life_stage - and two sibling nodes carry it under Red algae and under Fish. This is the #161 case where two records share a source label and are NOT the same concept: the differentia is already in the path, so each gets its own label and no shared-term mechanism is needed. Genus is ENVO:01001000 rather than the plant or animal branch because a brown alga is a stramenopile, neither plant nor animal; the report notes ENVO has no algae-associated environment class at all, which is the real gap here.	Embryo|Phaeophyceae embryo
	aquifer rock or sediment	ENVO:00010483	An environmental material which is a portion of saturated rock or unconsolidated sediment that composes the solid matrix of an aquifer.	https://culturebotai.github.io/HabitatMech/pages/habitats/aquifer-rock-or-sediment-habitatmech-gold-20fb5b0162.html			Requested by HabitatMech. Attested by GOLD with 1 upstream assertions across 1 source concept(s): Environmental > Terrestrial > Deep subsurface > Aquifer > Rock core/Sediment. Definition authored from a local evidence review, read in full. The review interprets GOLD's Environmental > Terrestrial > Deep subsurface > Aquifer > Rock core/Sediment leaf as in situ saturated aquifer material rather than a recovered core sample. ENVO:00010483 'environmental material' is the tightest existing genus that subsumes both rock and sediment, while ENVO:00012408 'aquifer' is a related geologic body and not an is-a parent. parent_mode=REPLACE drops the source-derived Aquifer parent because the material composes an aquifer rather than being a kind of aquifer.	aquifer matrix
	nauplius-associated environment	ENVO:01001002	An animal-associated environment which is determined by a crustacean in its nauplius larval stage.	https://culturebotai.github.io/HabitatMech/pages/habitats/nauplius-associated-environment-habitatmech-gold-62e447374d.html			Requested by HabitatMech. Attested by GOLD with 1 upstream assertions across 1 source concept(s): Host-associated > Arthropoda: Crustaceans > Larva: Nauplius. Definition authored from a local evidence review, read in full. The review confirmed the GOLD leaf as a real host-associated crustacean larval environment and identified crustacean-associated environment as the natural genus. That intermediate is already requested by habitatmech:GOLD.2959225799 but does not exist in ENVO, so this row uses ENVO:01001002 'animal-associated environment' as the same direct ENVO genus used by the crustacean parent; ENVO:01001176 is not used because #210 rejected it for whole-host invertebrate requests.
	oil or gas pipeline network	ENVO:03600014	A pipeline network which is used to transport crude oil, petroleum products, natural gas, or mixtures of these materials.	https://culturebotai.github.io/HabitatMech/pages/habitats/oil-or-gas-pipeline-network-habitatmech-gold-74bb711f82.html			Requested by HabitatMech. Attested by GOLD with 1 upstream assertions across 1 source concept(s): Engineered > Built environment > Pipeline > Oil/Gas pipeline. Definition authored from a local evidence review, read in full. The review found ENVO:03600014 'pipeline network' in the vendored slice and chose it as the tightest existing genus that covers both liquids and gases without ENVO:03600012's narrower oil-only scope or its over-specific consumer-destination clause. ENVO:03600012 remains an xref because it is a related oil-pipeline sibling, while gathering, transmission, distribution, flowline, trunk-line and gas-line names denote regulatory or operational subclasses rather than exact synonyms.	oil and gas pipeline
	air scrubber	ENVO:00003074	A manufactured product which removes gaseous or particulate contaminants from an air or waste-gas stream by bringing that stream into contact with a recirculating scrubbing liquid over internal packing.	https://culturebotai.github.io/HabitatMech/pages/habitats/air-scrubber-habitatmech-gold-ebf95a8a4a.html			Requested by HabitatMech. Attested by GOLD with 0 upstream assertions across 1 source concept(s): Environmental > Air > Indoor Air > Air scrubber. Definition authored from the record's committed deep-research report under research/habitats/, read in full; no new paid research was commissioned. The report reads GOLD's Environmental > Air > Indoor Air > Air scrubber leaf as an agricultural or industrial wet exhaust scrubber whose wetted packing, biofilm, and recirculating liquid form microbial habitats. ENVO lacks a scrubber or air-pollution-control-device class; ENVO:00003074 'manufactured product' is the tightest vendored genus, while ENVO:00002152 'biofilter' and ENVO:00003968 'air filter' are near misses that over-claim biological degradation or HVAC semantics. parent_mode=REPLACE drops GOLD's inherited Indoor Air parent because the scrubber treats an air stream but is not itself a portion of indoor air.	air washer|gas scrubber|wet scrubber
	air scrubber biofilm	ENVO:00002034	A biofilm which grows on wetted packing, wall, or sump surfaces inside an air scrubber and is sustained by pollutants transferred from the treated gas stream into the scrubbing liquid.	https://culturebotai.github.io/HabitatMech/pages/habitats/air-scrubber-biofilm-habitatmech-gold-7f436f8aff.html			Requested by HabitatMech. Attested by GOLD with 0 upstream assertions across 1 source concept(s): Environmental > Air > Indoor Air > Air scrubber > Biofilm. Definition authored from the record's committed deep-research report under research/habitats/, read in full; no new paid research was commissioned. The report interprets GOLD's Environmental > Air > Indoor Air > Air scrubber > Biofilm leaf as a biofilm on wetted packing or fouled interior surfaces inside a wet air scrubber. ENVO:00002034 'biofilm' is the tightest vendored genus and is already the genus for other path-qualified GOLD biofilm leaves. ENVO:00002152 'biofilter', ENVO:00002123 'bioreactor', and ENVO:00003968 'air filter' name devices rather than the attached biomass. parent_mode=REPLACE drops the inherited Air scrubber parent because the biofilm is inside the scrubber but not a kind of scrubber.	scrubber biofilm
	fish embryo-associated environment	ENVO:01001002	An animal-associated environment which is determined by a fertilised fish egg during development, comprising the chorion surface, the perivitelline space and the developing embryo within.	https://culturebotai.github.io/HabitatMech/pages/habitats/fish-embryo-associated-environment-habitatmech-gold-9f162205a6.html			Requested by HabitatMech. Attested by GOLD with 0 upstream assertions across 1 source concept(s): Host-associated > Fish > Embryo. Definition authored from the record's committed deep-research report under research/habitats/, read in full; the report's proposed sentence, genus and near-miss table are the evidence. No new research was commissioned. Sibling of the brown algal embryo row and distinguished from it by label rather than by a shared term (#161). The whole-egg reading is the report's recommendation and the one the sampling literature uses - studies homogenise or swab the whole egg, not a dissected embryo. Stated rather than implied, as the report asks: upstream assertion volume in this corpus is 0. GOLD carries three ecosystem ids for the path but no organism reaches it, so the justification rests on external literature, not on attestation. UBERON:0000922 is the organism at a stage and stays an xref, never the identity (#99, #112).	Embryo|fish egg-associated environment
	stingless bee cerumen	ENVO:00010483	An environmental material which stingless bees produce by kneading self-secreted beeswax together with collected plant resins and use to build brood cells, involucrum, storage pots, and internal nest linings.	https://culturebotai.github.io/HabitatMech/pages/habitats/stingless-bee-cerumen-habitatmech-gold-a3c5e2adba.html			Requested by HabitatMech. Attested by GOLD with 0 upstream assertions across 1 source concept(s): Environmental > Terrestrial > Nest > Insects nest > Beehive: Cerumen. Definition authored from a local evidence review, read in full. The review interprets GOLD's Beehive: Cerumen leaf as Meliponini nest material rather than the UBERON:0002297 earwax homonym; ENVO:00010483 'environmental material' is used as the safe genus because ENVO:01000575 'wax' and ENVO:03510018 'resin' each capture only one component, while ENVO:01000155 'organic material' has a biomacromolecule constraint that is too narrow for the wax-resin mixture. parent_mode=REPLACE drops the source-derived Insects nest parent because cerumen is a nest component, not a kind of nest.
	subway environment	ENVO:01000313	An anthropogenic environment which is bounded by the stations, running tunnels, trains, and other enclosed structures of a predominantly subterranean urban rapid transit system.	https://culturebotai.github.io/HabitatMech/pages/habitats/subway-environment-habitatmech-gold-961229841c.html			Requested by HabitatMech. Attested by GOLD with 0 upstream assertions across 1 source concept(s): Engineered > Built environment > City > Subway. Definition authored from the record's committed deep-research report under research/habitats/, read in full; no new paid research was commissioned. GOLD places Subway under Engineered > Built environment > City, and the report interprets the record as the subway environment rather than ENVO:03501109 'subway train' or ENVO:03501116 'rapid transit system'. ENVO:01000313 'anthropogenic environment' is the tightest vendored genus because ENVO lacks a public-transport or subway-environment branch. parent_mode=REPLACE drops GOLD's inherited City parent because a subway environment is located within a city but is not a kind of city. The raw GOLD path currently has zero organism, genome, or biosample assertions, so the definition rests on external subway microbiome literature rather than local assertion volume.
