canonical_path	ecosystem_path_id	biosample_count
Host-associated > Mammals: Human > Digestive system > Large intestine > Fecal	3920	40020
Host-associated > Plants > Roots > Rhizosphere	5301	9076
Environmental > Terrestrial > Soil	4212	6882
Environmental > Aquatic > Freshwater > Lake	4179	6675
Host-associated > Mammals > Digestive system > Large intestine > Fecal	4104	6355
Host-associated > Plants > Roots	4466	5349
Environmental > Aquatic > Marine	4003	5248
Environmental > Aquatic > Marine > Oceanic	4008	5061
Environmental > Terrestrial > Soil > Agricultural land	4213	4460
Environmental > Terrestrial > Soil > Agricultural land > Bulk soil	5861	4306
Environmental > Aquatic > Marine > Coastal	4044	4109
Environmental > Terrestrial > Soil > Grasslands	4209	3943
Host-associated > Plants > Phyllosphere > Phylloplane/Leaf	5269	3085
Host-associated > Plants > Roots > Rhizosphere > Soil	5302	2860
Environmental > Aquatic > Freshwater > River	4512	2783
Environmental > Terrestrial > Soil > Temperate forest > Bulk soil	6005	2572
Environmental > Aquatic > Deep subsurface > Groundwater	5954	2211
Engineered > Built environment > Hospital > Hospital bedroom > Room surface	5490	1660
Environmental > Aquatic > Freshwater > Lake > Sediment	4426	1445
Environmental > Aquatic > Freshwater	4159	1365
Environmental > Air > Outdoor Air	3962	1288
Environmental > Aquatic > Marine > Inlet	4574	1278
Host-associated > Mammals: Human > Integumentary system > Skin	6116	1274
Environmental > Aquatic > Thermal springs > Hot (42-90C) > Sediment	3997	1273
Host-associated > Mammals: Human > Digestive system > Oral cavity > Saliva	3907	1226
Engineered > Wastewater > Sewage	4662	1139
Environmental > Terrestrial > Soil > Wetlands > Peat	7675	1097
Host-associated > Mammals > Digestive system > Stomach > Rumen fluid	6389	1097
Host-associated > Mammals: Human > Integumentary system > Skin > Skin surface	6115	1076
Environmental > Aquatic > Marine > Epipelagic	5331	1058
Environmental > Aquatic > Freshwater > Creek	4514	1035
Engineered > Built environment > City > Subway > Metal surface	5462	1022
Host-associated > Fungi > Mycelium	4463	1003
Host-associated > Mammals > Digestive system > Stomach > Rumen	4111	952
Environmental > Aquatic > Thermal springs > Hot (42-90C) > Microbial mats	4655	928
Environmental > Aquatic > Non-marine Saline and Alkaline > Saline	3973	899
Engineered > Bioreactor > Anaerobic	4442	891
Engineered > Artificial ecosystem > Soil microcosm	5849	868
Environmental > Aquatic > Freshwater > River > Sediment	5109	859
Environmental > Aquatic > Marine > Intertidal zone > Estuary	4015	842
Engineered > WWTP > Wastewater	4672	837
Environmental > Terrestrial > Plant litter	4541	812
Environmental > Terrestrial > Soil > Wetlands	4235	793
Environmental > Terrestrial > Soil > Paddy field/soil	5613	785
Host-associated > Mammals: Human > Circulatory system > Blood > Serum	4430	775
Host-associated > Mammals: Human > Circulatory system > Blood > Plasma	4416	751
Environmental > Aquatic > Marine > Intertidal zone > Beach/Shore	4017	750
Host-associated > Plants > Peat moss	4433	732
Engineered > Modeled > Simulated communities (microbial mixture)	4308	727
Host-associated > Arthropoda: Insects > Digestive system > Gut	7157	640
Host-associated > Mammals: Human > Respiratory system > Pharynx/Throat > Nasopharynx	6103	640
Host-associated > Arthropoda: Insects > Whole body	7076	633
Environmental > Terrestrial > Soil > Desert	7068	617
Host-associated > Birds > Digestive system > Large intestine > Ceca	6885	601
Environmental > Terrestrial > Soil > Forest	7290	591
Environmental > Aquatic > Freshwater > Lake > Epilimnion/Euphotic zone	5357	586
Environmental > Aquatic > Marine > Coastal > Sediment	4045	572
Environmental > Aquatic > Thermal springs > Hot (42-90C)	3992	558
Host-associated > Plants > Phyllosphere > Caulosphere	4525	557
Engineered > Food production > Dairy products	4253	551
Host-associated > Microbial > Bacteria	4318	544
Host-associated > Arthropoda: Chelicerates > Whole body	7153	540
Environmental > Aquatic > Freshwater > Wetlands > Sediment	4183	538
Environmental > Aquatic > Marine > Intertidal zone > Salt marsh	4012	535
Environmental > Aquatic > Marine > Sediment	4564	533
Environmental > Aquatic > Marine > Pelagic zone	4021	525
Environmental > Terrestrial > Soil > Boreal forest/Taiga > Bulk soil	6026	525
Environmental > Terrestrial > Soil > Temperate forest	7665	488
Host-associated > Porifera > Sponge	4439	487
Engineered > Wastewater > Activated Sludge	4254	484
Environmental > Terrestrial > Soil > Tropical forest > Bulk soil	6016	484
Environmental > Aquatic > Marine > Harbor	4454	477
Environmental > Terrestrial > Soil > Temperate forest > O horizon/Organic	6006	472
Host-associated > Mammals: Human > Digestive system > Large intestine > Rectum	5030	466
Engineered > Bioreactor > Anaerobic > Sludge	5482	463
Environmental > Terrestrial > Soil > Tundra	5950	455
Host-associated > Mammals: Human > Skeletal system > Periprosthetic joint > Sonicate fluid	6258	442
Engineered > Food production > Meat products	4488	438
Engineered > Bioreactor > Anaerobic > Digestate	5583	406
Host-associated > Mammals > Digestive system > Large intestine > Cecum	4105	405
Environmental > Aquatic > Freshwater > Groundwater	4165	401
Environmental > Aquatic > Freshwater > Pond	4380	393
Engineered > Food production > Fermented beverages	4252	392
Environmental > Terrestrial > Soil > Tundra > Bulk soil	5903	392
Environmental > Terrestrial > Soil > Wetlands > Permafrost	4234	389
Environmental > Aquatic > Marine > Oceanic > Sediment	4009	383
Environmental > Terrestrial > Soil > Peat	5803	368
Environmental > Aquatic	3984	364
Environmental > Terrestrial > Soil > Grasslands > Bulk soil	5870	354
Environmental > Terrestrial > Soil > Temperate forest > Mineral soil	6013	354
Environmental > Aquatic > Thermal springs > Hot (42-90C) > Acidic	3995	350
Environmental > Aquatic > Marine > Hydrothermal vents	4027	348
Host-associated > Arthropoda: Insects > Whole body > No head	7078	337
Engineered > Artificial ecosystem > Nutrient-rich > R2A agar	6280	334
Environmental > Aquatic > Marine > Wetlands > Sediment	4056	328
Engineered > Wastewater > Industrial wastewater	4267	325
Engineered > Built environment > City > Subway > Wooden surface	5463	323
Host-associated > Plants > Phyllosphere	4460	317
Environmental > Aquatic > Marine > Cold seeps > Sediment	4024	310
Environmental > Aquatic > Freshwater > Ice > Glacial lake	4060	306
Environmental > Aquatic > Freshwater > Pond > Sediment	4180	306
Environmental > Terrestrial > Rock-dwelling (endoliths)	4650	303
Environmental > Aquatic > Marine > Pelagic zone > Epipelagic/Euphotic zone	7897	302
Environmental > Aquatic > Freshwater > Reservoir	5237	292
Environmental > Aquatic > Marine > Marginal Sea	4032	288
Engineered > Industrial production > Chemical products > Lab-grade water	6222	283
Environmental > Terrestrial > Nest > Insects nest > Nest dump	7276	281
Host-associated > Mammals: Human > Digestive system > Oral cavity > Dental plaque	5038	280
Environmental > Aquatic > Marine > Intertidal zone	4013	276
Host-associated > Invertebrates > Cnidaria	4801	272
Engineered > WWTP > Activated sludge	5530	270
Host-associated > Invertebrates > Cnidaria > Coral	4088	267
Environmental > Aquatic > Marine > Hydrothermal vents > Diffuse flow	4030	261
Host-associated > Mammals: Human > Digestive system > Oral cavity > Tongue dorsum	3911	254
Host-associated > Mammals: Human > Respiratory system > Lung	5004	254
Environmental > Terrestrial > Soil > Peat > Mire	5809	251
Environmental > Terrestrial > Soil > Watershed	5615	250
Host-associated > Plants > Roots > Endosphere	5304	250
Environmental > Terrestrial > Soil > Shrubland	4214	249
Environmental > Aquatic > Marine > Strait	4516	248
Environmental > Aquatic > Marine > Neritic zone/Coastal water	4034	247
Environmental > Aquatic > Marine > Oceanic > Photic zone	4004	247
Environmental > Aquatic > Freshwater > Lake > Hypolimnion/Profundal zone	5358	239
Environmental > Terrestrial > Soil > Permafrost	4206	239
Engineered > Built environment > Hospital	4494	235
Environmental > Aquatic > Marine > Intertidal zone > Mangrove swamp	4018	232
Engineered > Wastewater > Anaerobic digestor	4271	231
Engineered > Built environment > Water treatment plant	4407	229
Environmental > Aquatic > Marine > Intertidal zone > Coral reef	4014	229
Host-associated > Mammals: Human > Digestive system > Oral cavity	3912	227
Host-associated > Mammals: Human > Integumentary system > Skin > Scalp	6129	225
Environmental > Terrestrial > Deep subsurface > Coalbed methane well > Coal core	7734	218
Engineered > Food production > Fermented vegetables	4249	217
Environmental > Terrestrial > Soil > Sand > Desert	4202	216
Host-associated > Mammals: Human > Urinary system > Urine	6124	215
Environmental > Aquatic > Freshwater > Ice > Glacier	4063	212
Host-associated > Plants > Phyllosphere > Carposphere	4600	211
Host-associated > Mammals: Human > Remains > Skeletonized remains > Dental calculus	6136	210
Environmental > Aquatic > Marine > Fjord	5355	208
Host-associated > Mammals > Integumentary system > Mammary gland > Milk	6365	208
Environmental > Aquatic > Freshwater > Drinking water	4057	207
Environmental > Aquatic > Deep subsurface > Groundwater > Mine water	5964	206
Environmental > Terrestrial > Soil > Farm	5438	205
Environmental > Aquatic > Freshwater > River > Microbial mats	5347	203
Host-associated > Fish > Digestive system > Intestine	4092	200
Host-associated > Mammals: Human > Respiratory system > Trachea > Mucus	6104	200
Engineered > WWTP > Aerobic digester > Activated sludge	5674	197
Environmental > Aquatic > Marine > Intertidal zone > Salt marsh sediment	5590	197
Environmental > Terrestrial > Geologic > Sediment	4543	192
Environmental > Terrestrial > Soil > Floodplain	5610	192
Host-associated > Birds > Digestive system > Large intestine > Fecal	4957	187
Environmental > Aquatic > Non-marine Saline and Alkaline > Hypersaline	3978	179
Host-associated > Mammals > Respiratory system > Pharynx/Throat > Nasopharynx	6369	178
Environmental > Terrestrial > Soil > Soil crust	4578	177
Engineered > Artificial ecosystem > Nutrient-poor > Pine litter on sand	6283	173
Engineered > Lab enrichment > Defined media	4287	173
Environmental > Aquatic > Non-marine Saline and Alkaline > Hypersaline > Microbial mats	3979	172
Host-associated > Mammals: Human > Digestive system > Oral cavity > Buccal mucosa	3915	171
Host-associated > Mammals: Human > Digestive system > Oral cavity > Supragingival plaque	3916	171
Environmental > Air > Indoor Air	3961	168
Host-associated > Mammals: Human > Digestive system > Large intestine > Rectal mucosa	6121	167
Engineered > Industrial production > Engineered product	4294	163
Environmental > Air > Indoor Air > Dust	4620	163
Host-associated > Arthropoda: Insects > Larva	7089	162
Environmental > Terrestrial > Soil > Soil crust > Biological	7686	161
Host-associated > Mammals: Human > Reproductive system > Vagina	4140	161
Environmental > Terrestrial > Soil > Peat > Fen	5804	159
Host-associated > Mammals: Human > Respiratory system > Sputum/Phlegm	5009	157
Environmental > Terrestrial > Soil > Glacial till	7679	153
Host-associated > Arthropoda: Insects > Abdomen	7092	151
Host-associated > Algae > Haptophytes	4678	150
Engineered > Artificial ecosystem > Mesocosm > Soil	7695	148
Host-associated > Mammals: Human > Respiratory system > Lung > Alveoli	6112	148
Environmental > Terrestrial > Deep subsurface > Coalbed methane well > Coal slurry	7735	143
Environmental > Terrestrial > Soil > City park	7134	142
Host-associated > Fish > Visual system > Eye	6931	142
Environmental > Aquatic > Freshwater > Wetlands > Soil	5376	141
Environmental > Terrestrial > Soil > Orchard soil	5414	141
Environmental > Aquatic > Marine > Hypoxic zone	5351	137
Environmental > Terrestrial > Soil > Grasslands > Pasture	7702	137
Environmental > Terrestrial > Soil > Loam > Agricultural land	4242	135
Environmental > Terrestrial > Soil > Riparian soil	5244	132
Host-associated > Mollusca > Digestive system	4322	132
Engineered > Bioreactor > Aerobic	4536	131
Engineered > Industrial production > Chemical products > Reagent blank	6097	131
Host-associated > Arthropoda: Insects > Digestive system > Midgut	7138	131
Host-associated > Mollusca > Digestive system > Glands	4323	131
Host-associated > Mammals: Human > Respiratory system > Bronchi	6186	130
Engineered > Solid waste > Animal waste > Manure	4916	129
Environmental > Aquatic > Marine > Intertidal zone > Estuary: Sediment	7872	129
Environmental > Terrestrial > Soil > Contaminated	4215	129
Environmental > Terrestrial > Soil > Riparian zone	7681	129
Host-associated > Mammals: Human > Respiratory system > Nasal cavity > Anterior nares	6091	129
Host-associated > Mammals: Human > Nervous system > Subarachnoid space > Cerebrospinal fluid	6128	128
Engineered > Food production > Beverages	5926	127
Environmental > Aquatic > Aquaculture > Shrimp pond	5363	127
Host-associated > Mammals: Human > Reproductive system > Uterus > Cervix	6126	127
Engineered > Artificial ecosystem > Mesocosm > Lake water	7859	125
Environmental > Aquatic > Deep subsurface > Groundwater > Contaminated	5955	124
Environmental > Aquatic > Thermal springs	3991	124
Host-associated > Plants > Roots > Rhizoplane	5784	124
Environmental > Terrestrial > Soil > Tropical forest	7291	123
Environmental > Aquatic > Marine > Hydrothermal vents > Sediment	4029	122
Host-associated > Mammals > Digestive system > Oral cavity	4109	122
Engineered > Food production > Plant products	5894	119
Environmental > Aquatic > Aquaculture	3965	118
Environmental > Terrestrial > Floodplain > Aquatic biofilm	5859	118
Environmental > Terrestrial > Soil > Fossil	4418	117
Host-associated > Mammals > Digestive system > Large intestine > Rectum	6379	117
Environmental > Aquatic > Freshwater > Lake > Cyanobacterial bloom	5356	115
Environmental > Aquatic > Marine > Wetlands	4055	115
Engineered > Food production > Sweets	5938	114
Environmental > Aquatic > Freshwater > Creek > Sediment	5385	114
Environmental > Aquatic > Freshwater > River > Plankton	5346	112
Environmental > Terrestrial > Soil > Oil-contaminated	4220	111
Environmental > Terrestrial > Soil > Tree plantation	7706	111
Host-associated > Mammals: Human > Remains > Fossilized remains > Dental calculus	6139	111
Engineered > Food production > Fermented food	5744	109
Engineered > Lab culture > Culture media > Bacteria	7149	109
Environmental > Aquatic > Thermal springs > Tepid (25-34C)	3989	109
Environmental > Aquatic > Freshwater > Floodplain lake	6981	106
Environmental > Terrestrial > Soil > Boreal forest/Taiga	7666	106
Environmental > Terrestrial > Soil > Tundra > Permafrost	7802	106
Host-associated > Mammals: Human > Circulatory system > Blood	3932	105
Host-associated > Plants > Phyllosphere > Phylloplane/Leaf surface	5263	105
Environmental > Aquatic > Marine > Mesopelagic	5333	104
Host-associated > Birds > Digestive system > Small intestine > Duodenum	4152	104
Environmental > Terrestrial > Deep subsurface > Rock core/Sediment	7700	102
Environmental > Terrestrial > Soil > Greenhouse	5777	102
Engineered > WWTP > Mixed liquor	5791	101
Host-associated > Birds > Digestive system > Large intestine > Colon	6890	100
Host-associated > Birds > Digestive system > Small intestine > Ileum	6892	100
Host-associated > Birds > Digestive system > Small intestine > Jejunum	6891	100
Host-associated > Algae > Diatoms	4675	99
Host-associated > Invertebrates > Cnidaria > Coral > Tissue	5745	99
Host-associated > Mammals: Human > Multisystem conditions > Diabetic foot ulcer (DFU) > Lesion site	6361	99
Host-associated > Plants > Tissue	5273	99
Environmental > Aquatic > Freshwater > Kettle hole	5855	98
Environmental > Aquatic > Marine > Intertidal zone > Sediment	4016	98
Environmental > Terrestrial > Floodplain > Sediment	4668	98
Environmental > Aquatic > Deep subsurface > Subterranean lake	7668	97
Host-associated > Mammals: Human > Skeletal system > Bone	5250	97
Host-associated > Plants > Seeds	4572	96
Environmental > Aquatic > Freshwater > Sediment	4171	95
Environmental > Aquatic > Marine > Sea ice	5384	95
Environmental > Aquatic > Freshwater > Drinking water > Chlorinated	4059	94
Environmental > Terrestrial > Soil > Glacier	4745	94
Environmental > Terrestrial > Soil > Peat > Bog	5621	94
Host-associated > Arthropoda: Crustaceans > Digestive system > Gut	7218	94
Host-associated > Mammals: Human > Cell Line > HeLa	4832	93
Host-associated > Mammals: Human > Reproductive system > Vagina > Posterior fornix	4142	93
Host-associated > Plants > Mixed parts	4865	92
Environmental > Terrestrial > Soil > Garden	5774	91
Environmental > Terrestrial > Soil > Sand	4203	91
Host-associated > Algae > Green algae	4760	91
Environmental > Aquatic > Marine > Seaweed	4686	90
Environmental > Aquatic > Non-marine Saline and Alkaline > Lake	5410	89
Engineered > Artificial ecosystem > Mesocosm > Lake water > Sieved	7860	88
Engineered > Artificial ecosystem > Plant growth chamber > Soil	7693	88
Engineered > Bioreactor > SSF (Solid state fermentation) > Aerobic > Biomass	7775	88
Environmental > Aquatic > Sediment	3985	88
Engineered > Wastewater > Industrial wastewater > Petrochemical	4265	87
Host-associated > Arthropoda: Insects > Larva > Gut	7174	87
Environmental > Aquatic > Deep subsurface > Shale gas/oil reservoir > Produced water/Flow back	7795	86
Environmental > Terrestrial > Soil > Tropical rainforest	4216	86
Environmental > Aquatic > Freshwater > Groundwater > Contaminated	4166	84
Host-associated > Mammals > Digestive system > Large intestine	4106	84
Environmental > Terrestrial > Soil > Biocrust	4711	83
Host-associated > Fungi > Lichen	4412	83
Engineered > Food production > Bread production	5284	82
Environmental > Aquatic > Marine > Ocean trench	5389	80
Environmental > Terrestrial > Deep subsurface > Oil well	4605	80
Host-associated > Mammals: Human > Integumentary system > Skin > Axilla/Armpit	6117	79
Host-associated > Mammals: Human > Respiratory system > Pharynx/Throat	5007	78
Host-associated > Protists > Amoebozoa	7723	78
Engineered > Built environment > House > Doormat	4847	77
Environmental > Aquatic > Marine > Oceanic > Abyssal plane	4006	77
Environmental > Aquatic > Non-marine Saline and Alkaline > Salt crystallizer ponds	3981	77
Host-associated > Algae > Red algae	3959	77
Environmental > Aquatic > Marine > Coastal lagoon	7874	76
Engineered > Built environment > Building	5572	75
Environmental > Aquatic > Freshwater > Wetlands	4181	75
Environmental > Aquatic > Marine > Hydrothermal vents > Microbial mats	4028	75
Host-associated > Reptilia > Digestive system > Large intestine > Fecal	4693	75
Engineered > Industrial production > Chemical products	5788	74
Environmental > Aquatic > Marine > Neritic zone/Coastal water > Subtidal zone sediment	7948	74
Environmental > Aquatic > Non-marine Saline and Alkaline	3970	74
Host-associated > Mammals > Respiratory system > Nasal cavity	6033	74
Host-associated > Mammals: Human > Digestive system > Oral cavity > Subgingival plaque	3913	74
Environmental > Terrestrial > Soil > Ranch > Agricultural land	5727	73
Host-associated > Algae > Red algae > Ectosymbionts	3958	73
Host-associated > Mammals > Respiratory system > Lung	4444	73
Environmental > Aquatic > Freshwater > Creek > Biofilm	8389	72
Environmental > Terrestrial > Soil > Mangrove soil	5800	72
Engineered > Food production > Grains/Grain products	5929	71
Environmental > Terrestrial > Plant litter > Litterfall > Leaves	5992	71
Host-associated > Mammals > Integumentary system	6388	71
Host-associated > Plants > Roots > Taproot	5914	71
Engineered > Wastewater > Industrial wastewater > Mine water	4270	70
Environmental > Aquatic > Freshwater > Lentic	4174	68
Environmental > Aquatic > Marine > Intertidal zone > Mangrove sediment	5364	68
Host-associated > Annelida > Digestive system	4330	67
Engineered > Bioreactor > MBR (Membrane bioreactor) > Sludge	7737	66
Engineered > Built environment > Canal > Irrigation canal > Sediment	5111	66
Host-associated > Invertebrates > Tissue	5336	66
Engineered > Food production > Dairy products > Fermented dairy products > Cheese	5509	65
Engineered > Lab enrichment > Defined media > Anaerobic media	4289	65
Engineered > Wastewater > Industrial wastewater > Hospital wastewater	4918	65
Engineered > Wastewater > Nutrient removal > Biological phosphorus removal > Bioreactor	4263	65
Environmental > Aquatic > Freshwater > Wetlands > Fen	5285	65
Environmental > Aquatic > Marine > Intertidal zone > Tidal flats	6937	65
Engineered > Modeled > Simulated communities (DNA mixture)	4311	64
Environmental > Aquatic > Floodplain > Sediment	5413	64
Environmental > Aquatic > Marine > Oceanic > Aphotic zone	4010	64
Host-associated > Mammals > Digestive system > Small intestine > Ileum	6133	64
Host-associated > Porifera > Sponge > Tissue	5999	63
Environmental > Terrestrial > Deep subsurface > Aquifer > Rock core/Sediment	5984	62
Host-associated > Mammals > Digestive system	4107	62
Host-associated > Mammals > Digestive system > Small intestine > Duodenum	6132	62
Host-associated > Reptilia > Integumentary system > Skin	6951	62
Engineered > Built environment > City > Subway	4396	61
Environmental > Terrestrial > Soil > Alpine	5439	61
Engineered > Artificial ecosystem > Mesocosm	7289	60
Environmental > Aquatic > Freshwater > Groundwater > Acid Mine Drainage	4164	60
Host-associated > Mammals: Human > Remains > Skeletonized remains > Dentin	6137	60
Host-associated > Porifera	4341	60
Environmental > Terrestrial > Soil > Proglacial area > Forefield soil	6300	59
Environmental > Aquatic > Freshwater > Lotic	4645	58
Host-associated > Mammals > Reproductive system > Vagina	5047	58
Environmental > Terrestrial > Rock-dwelling (subaerial biofilms)	4201	57
Host-associated > Algae > Brown Algae	3960	57
Host-associated > Invertebrates > Echinodermata > Sea Star	4683	57
Engineered > Solid waste > Landfill	4277	55
Environmental > Aquatic > Marine > Oceanic > Crustal Fluids	4656	55
Host-associated > Mollusca > Tissue	4709	55
Host-associated > Reptilia > Digestive system > Oral cavity > Saliva	7517	55
Environmental > Aquatic > Freshwater > Water tank	5210	54
Environmental > Aquatic > Marine > Intertidal zone > Microbialites	4019	54
Environmental > Terrestrial > Soil > Vadose zone	5820	54
Host-associated > Arthropoda: Insects > Digestive system > Gut > Lower digestive tract	7207	54
Environmental > Terrestrial > Oil reservoir	4194	52
Host-associated > Mammals: Human > Circulatory system > Blood > Whole blood	6102	52
Host-associated > Mollusca > Respiratory system > Gills > Intracellular	4326	52
Environmental > Aquatic > Freshwater > Ice > Cryoconite	5379	51
Host-associated > Mammals > Digestive system > Small intestine > Jejunum	5253	50
Host-associated > Mammals > Digestive system > Stomach > Abomasum	6391	49
Engineered > Solid waste > Zoo waste > Composting	4924	48
Environmental > Aquatic > Deep subsurface > Groundwater > Drilled well/Borehole	5958	48
Environmental > Aquatic > Marine > Littoral zone > Neritic zone/Coastal water	7912	48
Environmental > Terrestrial > Soil > Palsa > Peat permafrost	7689	48
Host-associated > Birds > Digestive system > Small intestine	4784	48
Engineered > Built environment > Drinking water treatment plant > Drinking water filter	5493	47
Engineered > Lab culture > Culture media	7099	47
Environmental > Terrestrial > Deep subsurface	4245	47
Environmental > Terrestrial > Soil > Chaparral	6889	47
Environmental > Terrestrial > Soil > Orchard > Truffle orchard	7684	47
Host-associated > Mammals: Human > Multisystem conditions > Necrotizing soft tissue infections (NSTI) > Necrotizing lesion	6359	47
Host-associated > Protists > Nanoflagellates > Heterotrophic (HNF)	7728	47
Environmental > Aquatic > Marine > Gulf	4576	46
Environmental > Terrestrial > Soil > Clay > Agricultural land	4230	46
Host-associated > Mollusca > Circulatory system > Hemolymph	4978	46
Engineered > Industrial production > Chemical products > Distilled water	5912	45
Environmental > Terrestrial > Soil > Contaminated > Uranium contaminated	6003	45
Host-associated > Algae > Green algae > Ectosymbionts	3956	45
Environmental > Terrestrial > Geologic > Sediment > Sediment core	5919	44
Environmental > Terrestrial > Soil > Potting soil	5779	44
Environmental > Terrestrial > Soil > Clay > Grasslands	4228	43
Host-associated > Mammals: Human > Digestive system > Large intestine	3922	43
Host-associated > Mollusca > Respiratory system	4806	43
Engineered > Artificial ecosystem > Mud microcosm	4845	42
Engineered > Wastewater > Nutrient removal > Biological phosphorus removal > Activated sludge	4262	42
Environmental > Aquatic > Freshwater > Wetlands > Bog	4185	42
Environmental > Terrestrial > Soil > Pasture	6461	42
Engineered > Built environment > House	4405	41
Environmental > Aquatic > Freshwater > River > River biofilm	5348	41
Environmental > Aquatic > Non-marine Saline and Alkaline > Saline > Sediment	3975	41
Host-associated > Mammals: Human > Digestive system > Pharynx/Throat > Oropharynx	6100	41
Host-associated > Mammals: Human > Respiratory system > Lung > Pulmonary fluid	5252	41
Engineered > Bioreactor	4280	40
Engineered > Food production > Seafood product > Frozen seafood > Frozen shrimp	7232	40
Engineered > Food production > Silage fermentation	4248	40
Environmental > Aquatic > Marine > Cold seeps	4023	40
Host-associated > Mammals: Human > Malignant tumor > Carcinoma > Colon cancer	6177	40
Engineered > Food production > Food sample	5923	39
Environmental > Aquatic > Freshwater > Sterile water	7148	39
Host-associated > Birds > Digestive system > Esophagus > Crop	6894	39
Host-associated > Mammals > Digestive system > Lower gastrointestinal tract > Ileum-cecum	6418	39
Environmental > Terrestrial > Nest > Insects nest > Fungus garden/Fungus gallery	7274	38
Environmental > Terrestrial > Soil > Bulk soil	5868	38
Host-associated > Mammals: Human > Reproductive system > Fallopian tubes	6131	38
Host-associated > Protists	4738	38
Engineered > Built environment > City > Subway > Plastic surface	5466	37
Engineered > Lab enrichment	4285	37
Environmental > Aquatic > Marine > Pelagic zone > Hadopelagic zone/Ocean trenches		7901	37
Host-associated > Mammals: Human > Malignant tumor > Carcinoma > Breast cancer	6197	37
Host-associated > Plants > Wood	4560	37
Engineered > Built environment > Animal cage > Reptile cage	7520	36
Environmental > Aquatic > Deep subsurface > Groundwater > Spring	5961	36
Environmental > Aquatic > Thermal springs > Runoff channel	6351	36
Environmental > Terrestrial > Soil > Floodplain > Sediment	7673	36
Environmental > Terrestrial > Soil > Forest > Bulk soil	5865	36
Host-associated > Arthropoda: Crustaceans > Whole body	7238	36
Host-associated > Mammals: Human > Integumentary system > Mammary gland > Milk	6120	36
Environmental > Terrestrial	4198	35
Environmental > Terrestrial > Nest > Alligator nest	4841	35
Engineered > Wastewater > Reclaimed/Recycled wastewater	8096	34
Environmental > Terrestrial > Soil > Landfill > Cover soil	8240	34
Host-associated > Algae	3957	34
Host-associated > Arthropoda: Insects > Digestive system	7179	34
Host-associated > Birds > Circulatory system > Blood	4153	34
Engineered > Bioreactor > Continuous culture > Marine sediment inoculum	4853	33
Engineered > Built environment > Spacecraft Assembly Cleanrooms > Gowning room > Floor	5486	33
Environmental > Terrestrial > Soil > Sand > Grasslands	4223	33
Environmental > Terrestrial > Soil > Temperate forest > Humus	6007	33
Host-associated > Mammals > Respiratory system > Pharynx/Throat > Oropharynx	6378	33
Host-associated > Mammals: Human > Malignant tumor > Carcinoma > Basal cell carcinoma	6176	33
Host-associated > Mammals: Human > Malignant tumor > Lymphoma > Mycosis fungoides/Cutaneous T-cell lymphoma	6211	33
Engineered > Bioreactor > Aerobic > Activated sludge	5471	32
Engineered > Solid waste > Mixed feedstock > Composting > Commercial compost	7698	32
Environmental > Aquatic > Freshwater > Drinking water > Chloraminated	5856	32
Environmental > Aquatic > Freshwater > Lake > Cyanobacterial aggregates	8088	32
Environmental > Terrestrial > Soil > Loam > Agricultural soil	4244	32
Host-associated > Arthropoda: Crustaceans > Larva > Gut	7812	32
Host-associated > Fish > Digestive system > Biliary tract > Liver	6928	32
Engineered > Food production > Baby formula	5627	31
Environmental > Aquatic > Freshwater > Lake > Microbial mats	5375	31
Environmental > Terrestrial > Soil > Glacier > Glacier forefield	7974	31
Host-associated > Annelida > Digestive system > Digestive tube > Extracellular symbionts	4329	31
Engineered > Bioreactor > EBPR > Anaerobic-Aerobic > Sludge	7762	30
Environmental > Aquatic > Marine > Bathypelagic	5338	30
Environmental > Aquatic > Marine > Marine lake	5342	30
Host-associated > Algae > Microalgae	4815	30
Host-associated > Fish > Respiratory system > Gills	4921	30
Host-associated > Mammals: Human > Malignant tumor > Melanoma	6207	30
Host-associated > Plants > Phyllosphere > Phylloplane/Leaf > Endosphere	5990	30
Host-associated > Plants > Roots > Nodule	4523	30
Engineered > Food production > Dairy products > Processed milk	6420	29
Engineered > WWTP > Anaerobic digester > Sludge	5478	29
Environmental > Aquatic > Freshwater > Sinkhole	4653	29
Engineered > Bioreactor > Continuous culture	4283	28
Environmental > Aquatic > Artesian spring > Acidic > Sediment	7717	28
Environmental > Aquatic > Freshwater > Drinking water > Delivery networks	4058	28
Environmental > Aquatic > Marine > Oceanic > Oceanic crust	4636	28
Host-associated > Mammals: Human > Remains > Mummified remains > Stomach content	6150	28
Engineered > Wastewater > Industrial wastewater > Mine water > Produced water	7738	27
Engineered > Wastewater > Nutrient removal > Biological phosphorus removal	4730	27
Engineered > Wastewater > Nutrient removal > Dissolved organics (aerobic)	4258	27
Environmental > Aquatic > Freshwater > Lake > Anoxic zone	5392	27
Environmental > Aquatic > Marine > Oceanic > Oil-contaminated sediment	4007	27
Environmental > Aquatic > Marine > Pelagic zone > Abyssopelagic/Abyssal zone	7900	27
Host-associated > Arthropoda: Insects > Digestive system > Hindgut > Paunch/P3 segment	7159	27
Host-associated > Birds > Digestive system > Large intestine > Cloaca	6895	27
Host-associated > Mammals > Digestive system > Stomach > Forestomach	6370	27
Host-associated > Mammals: Human > Integumentary system > Skin > Retroauricular crease	6118	27
Engineered > Bioreactor > Denitrification > Woodchip Bioreactor (WBR) > Woodchip biofilm	5853	26
Engineered > Food production > Beans	5935	26
Environmental > Aquatic > Freshwater > Tap water	5360	26
Environmental > Aquatic > Non-marine Saline and Alkaline > Hypersaline > Sediment	3980	26
Environmental > Terrestrial > Deep subsurface > Aquifer	4423	26
Environmental > Terrestrial > Deep subsurface > Fracking water	4533	26
Environmental > Terrestrial > Soil > Loam > Forest soil	4239	26
Host-associated > Fungi > Mycorrhiza	5296	26
Host-associated > Mammals: Human > Integumentary system > Skin > Nose follicle	7064	26
Host-associated > Mollusca	4324	26
Host-associated > Plants > Phyllosphere > Phylloplane/Leaf > Endophytes	5268	26
Engineered > Solid waste > Grass > Composting > Bioreactor	4873	25
Environmental > Aquatic > Marine > Hydrothermal vents > Black smokers	4031	25
Environmental > Aquatic > Marine > Volcanic	4022	25
Environmental > Aquatic > Non-marine Saline and Alkaline > Alkaline	3966	25
Environmental > Aquatic > Non-marine Saline and Alkaline > Saline lake	7282	25
Environmental > Terrestrial > Soil > Meadow	5420	25
Host-associated > Arthropoda: Insects > Whole body > No thorax	7155	25
Host-associated > Invertebrates > Nematoda	4425	25
Host-associated > Mammals > Circulatory system > Heart	4988	25
Host-associated > Mammals > Skeletal system > Bone > Bone marrow	6375	25
Host-associated > Mammals: Human > Digestive system > Stomach > Gastric mucosa	5079	25
Engineered > Artificial ecosystem > Sand microcosm	5874	24
Engineered > Artificial ecosystem > Seawater microcosm	7952	24
Engineered > Artificial ecosystem > Soil microcosm > Surface biofilm	7704	24
Engineered > Solid waste > Brown waste > Rice straw	6984	24
Environmental > Aquatic > Thermal springs > Sediment	3999	24
Environmental > Terrestrial > Soil > Garden > Green roof	7135	24
Host-associated > Fish > Digestive system > Pharynx	6917	24
Host-associated > Mammals > Digestive system > Small intestine	5040	24
Host-associated > Mammals: Human > Malignant tumor > Carcinoma > Testicular cancer	6219	24
Host-associated > Plants > Rhizome	3943	24
Engineered > Bioremediation > Thiocyanate	4436	23
Engineered > Built environment	4279	23
Engineered > Industrial production > Chemical products > Sheath fluid	5994	23
Engineered > WWTP > Effluent	7855	23
Engineered > Wastewater	4264	23
Environmental > Aquatic > Marine > Mud volcano	4545	23
Environmental > Aquatic > Thermal springs > Hot (42-90C) > Neutral	3998	23
Environmental > Terrestrial > Soil > Palsa > Mineral soil core	7691	23
Host-associated > Mammals: Human > Malignant tumor > Carcinoma > Squamous cell carcinoma	6198	23
Host-associated > Mollusca > Respiratory system > Gills	4327	23
Engineered > Bioreactor > Anaerobic > Inoculum	7097	22
Engineered > Lab culture > Culture media > Fungi	7776	22
Environmental > Aquatic > Freshwater > Groundwater > Aquifer	5430	22
Environmental > Aquatic > Freshwater > Groundwater > Coalbed water	4169	22
Environmental > Aquatic > Marine > Intertidal zone > Salt pond sediment	7710	22
Environmental > Aquatic > Marine > River plume > Plankton	5367	22
Environmental > Terrestrial > Volcanic	4197	22
Host-associated > Mammals: Human > Digestive system > Large intestine > Colon mucosa	6105	22
Host-associated > Mammals: Human > Reproductive system > Vagina > Introitus	4141	22
Host-associated > Plants	3938	22
Engineered > Built environment > International Space Station	4659	21
Engineered > Industrial production > Engineered product > Bioanode	4595	21
Environmental > Aquatic > Marine > Neritic zone/Coastal water > Sediment	4048	21
Host-associated > Mammals > Digestive system > Large intestine > Meconium	6385	21
Host-associated > Mammals > Digestive system > Stomach	4112	21
Host-associated > Mammals > Integumentary system > Skin > Digital dermatitis	6415	21
Host-associated > Mammals: Human > Benign tumor > Wart > Surface	6229	21
Host-associated > Mollusca > Shell	4328	21
Engineered > Food production > Egg products	5888	20
Engineered > Food production > Pastry	5944	20
Environmental > Aquatic > Thermal springs > Warm (34-42C) > Neutral	3987	20
Environmental > Terrestrial > Soil > Mine	4218	20
Host-associated > Mammals: Human > Benign tumor > Wart > Tissue	6228	20
Host-associated > Mammals: Human > Integumentary system > Skin > Cutaneous leishmaniasis	6165	20
Host-associated > Plants > Phyllosphere > Surface	7643	20
Environmental > Terrestrial > Soil > Tundra > Organic layer	7801	19
Engineered > Food production > Spices	5897	18
Engineered > Paper > Currency notes	4390	18
Environmental > Aquatic > Freshwater > Lentic > Sediment	4175	18
Environmental > Aquatic > Non-marine Saline and Alkaline > Salt crystallizer ponds > Saline water	5807	18
Environmental > Terrestrial > Deep subsurface > Rock	5326	18
Environmental > Terrestrial > Soil > Coastal area	7793	18
Environmental > Terrestrial > Soil > Loam > Grasslands	4238	18
Environmental > Terrestrial > Soil > Sub-biocrust	7708	18
Host-associated > Mammals > Nervous system > Brain	4125	18
Host-associated > Mammals > Respiratory system > Lung > Alveoli	6376	18
Engineered > Food production > Meat products > Raw meat > Beef chop	6425	17
Engineered > Food production > Nuts	5941	17
Environmental > Aquatic > Deep subsurface > Groundwater > Coalbed methane well water	5963	17
Environmental > Aquatic > Marine > Fjord > Sediment	7944	17
Environmental > Aquatic > Marine > Pelagic zone > Sediment	6087	17
Environmental > Terrestrial > Soil > Greenhouse > Agricultural land	5770	17
Host-associated > Mammals: Human > Abdominal/Peritoneal cavity > Ascites > Malignant ascites	6168	17
Engineered > Artificial ecosystem > Plant growth chamber	7522	16
Engineered > Bioreactor > Semi-continuous > Anaerobic > Digestate	7769	16
Engineered > Built environment > Canal	4401	16
Engineered > Food production > Dairy products > Fermented dairy products	5456	16
Engineered > Solid waste > Latrine chamber > Composting	4954	16
Engineered > WWTP > Effluent > Algae cultivation tank	7773	16
Environmental > Aquatic > Thermal springs > Hot (42-90C) > Alkaline	3994	16
Environmental > Terrestrial > Rock-dwelling (endoliths) > Halite	5916	16
Environmental > Terrestrial > Soil > Loam > Contaminated	4243	16
Environmental > Terrestrial > Soil > Shrubland > Bulk soil	7810	16
Host-associated > Arthropoda: Insects > Larva > Whole body	7170	16
Host-associated > Fungi > Fruiting body	4550	16
Engineered > Artificial ecosystem > Mesocosm > Seawater	6460	15
Engineered > Wastewater > Industrial wastewater > Meat/Poultry processing plant > Poultry processing wastewater	6901	15
Engineered > Wastewater > Nutrient removal > Dissolved organics (aerobic) > Activated sludge	4257	15
Environmental > Air > Indoor Air > Poultry farm > Poultry litter bioaerosol	6884	15
Environmental > Aquatic > Marine > Deep subsurface > Rock	5370	15
Environmental > Aquatic > Marine > Hydrothermal vents > Tubeworm bush	5751	15
Environmental > Terrestrial > Cave	4491	15
Environmental > Terrestrial > Soil > Laurel/Subtropical forest > A horizon/Topsoil	8093	15
Host-associated > Mammals: Human > Digestive system > Biliary tract > Bile ducts: Bile	6181	15
Host-associated > Mollusca > Larvae	4632	15
Host-associated > Plants > Pitcher > Phytotelma	7302	15
Host-associated > Plants > Rhizoid	5796	15
Engineered > Artificial ecosystem > Water microcosm	6453	14
Engineered > Modeled > Simulated communities (microbial mixture) > Plant nodule	5917	14
Environmental > Aquatic > Freshwater > Microbialites	4191	14
Environmental > Aquatic > Freshwater > Reservoir > Sediment	8063	14
Environmental > Aquatic > Marine > Deep subsurface > Deep subsurface	5369	14
Environmental > Terrestrial > Soil > Riparian zone > Trees stand	7682	14
Host-associated > Arthropoda: Insects > Digestive system > Hindgut	7180	14
Host-associated > Arthropoda: Insects > Digestive system > Hindgut > Rectum	7205	14
Host-associated > Mammals: Human > Cell Line	5460	14
Engineered > Bioremediation > Hydrocarbon > Benzene > Bioreactor	4299	13
Engineered > Modeled	4307	13
Engineered > Solid waste > Animal waste	4278	13
Engineered > Wastewater > Nutrient removal > Dissolved organics (anaerobic)	4260	13
Environmental > Aquatic > Marine > Intertidal zone > Estuary: Microbial mat	7714	13
Environmental > Aquatic > Marine > Oceanic > Oil-contaminated	4011	13
Environmental > Aquatic > Non-marine Saline and Alkaline > Salt crystallizer ponds > Microbial mats	3982	13
Environmental > Terrestrial > Geologic	4192	13
Environmental > Terrestrial > Soil > Clay	4229	13
Environmental > Terrestrial > Soil > Pasture > Agricultural land	5729	13
Host-associated > Plants > Phyllosphere > Stem > Wood decay	7754	13
Host-associated > Reptilia > Digestive system > Biliary tract > Liver	6939	13
Engineered > Bioreactor > Thiocyanate-remediating > Anaerobic-Aerobic	7782	12
Engineered > Bioremediation > Tetrachloroethylene and derivatives > Chloroethene > Bioreactor	4297	12
Engineered > Food production > Seafood	5932	12
Engineered > Modeled > Simulated communities (sequence read mixture) > Sanger	4310	12
Environmental > Aquatic > Freshwater > Groundwater > Cave water	4167	12
Environmental > Aquatic > Marine > Coastal > Brine	5391	12
Environmental > Terrestrial > Deep subsurface > Shale gas reservoir > Flow back/Produced fluids	5876	12
Environmental > Terrestrial > Plant litter > Decayed wood	7117	12
Environmental > Terrestrial > Soil > Boreal forest	4217	12
Environmental > Terrestrial > Soil > Lakeshore	7285	12
Environmental > Terrestrial > Soil > Surface mine > Reclaimed	7741	12
Environmental > Terrestrial > Soil > Temperate forest > A horizon/Topsoil	6008	12
Host-associated > Fish > Integumentary system > Skin > Epidermal mucus	6921	12
Host-associated > Invertebrates > Platyhelminthes	4736	12
Host-associated > Mammals > Digestive system > Stomach > Omasum	6396	12
Host-associated > Mammals > Digestive system > Stomach > Reticulum	6395	12
Host-associated > Mammals > Integumentary system > Hoof > Surface	6382	12
Host-associated > Plants > Phyllosphere > Stem > Wood/Secondary xylem	7753	12
Host-associated > Reptilia > Digestive system	4808	12
Engineered > Bioreactor > Anaerobic > Biomass	8165	11
Engineered > Built environment > Spacecraft Assembly Cleanrooms	4635	11
Engineered > Food production	4250	11
Engineered > Lab synthesis	4247	11
Engineered > Solid waste > Composting	4273	11
Engineered > Wastewater > Urban wastewater > Slums/Informal settlements	8099	11
Environmental > Aquatic > Freshwater > Ice	4061	11
Environmental > Aquatic > Non-marine Saline and Alkaline > Alkaline > Sediment	3968	11
Environmental > Aquatic > Non-marine Saline and Alkaline > Saline > Microbial mats	3974	11
Environmental > Terrestrial > Soil > Meadow > Bulk soil	5871	11
Environmental > Terrestrial > Soil > Temperate forest > B horizon/Subsoil	6010	11
Host-associated > Annelida > Intracellular endosymbionts > Trophosome	4334	11
Host-associated > Mammals > Auditory/Hearing system > Outer ear > Ear discharge	6406	11
Host-associated > Mammals > Circulatory system > Blood	4114	11
Host-associated > Protists > Dinoflagellates	4629	11
Engineered > Solid waste > Grass > Composting	4874	10
Engineered > Solid waste > Green waste > Composting	6039	10
Engineered > Wastewater > Nutrient removal > Dissolved organics (anaerobic) > Activated sludge	4259	10
Environmental > Aquatic > Freshwater > Storm water > Urban floodwater	7513	10
Environmental > Aquatic > Marine > Mud volcano > Sediment	5377	10
Environmental > Aquatic > Marine > Pelagic zone > Mesopelagic/Twilight zone	7898	10
Environmental > Aquatic > Thermal springs > Microbial mats	8106	10
Environmental > Terrestrial > Soil > Desert > Gibber plain	8082	10
Environmental > Terrestrial > Soil > Vadose zone > Saprolite	5821	10
Environmental > Terrestrial > Volcanic > Fumaroles	4196	10
Host-associated > Arthropoda: Insects > Digestive system > Foregut > Crop	7197	10
Host-associated > Arthropoda: Insects > Digestive system > Hindgut > Ileum	7203	10
Host-associated > Arthropoda: Insects > Ootheca/Egg mass > Eggs	7141	10
Host-associated > Mammals > Integumentary system > Skin > Paw pad	6394	10
Host-associated > Mammals > Multiple systems > Multiple organs > Pooled tissues	6423	10
Host-associated > Mammals > Remains > Fossilized remains > Coprolite	6429	10
Host-associated > Mammals > Reproductive system > Uterus	4972	10
Host-associated > Mammals > Reproductive system > Uterus > Cervix	6377	10
Host-associated > Mammals: Human > Integumentary system > Skin > Lesion	6236	10
Host-associated > Mammals: Human > Malignant tumor > Carcinoma > Breast cancer: Ductal	6174	10
Host-associated > Mammals: Human > Malignant tumor > Carcinoma > Breast cancer: Lobular	6175	10
Host-associated > Plants > Rhizome > Stem tuber > Soil	5793	10
Host-associated > Tunicates > Ascidians	4099	10
Engineered > Artificial ecosystem > Sediment microcosm > Wetland sediment	5997	9
Engineered > Bioreactor > Anaerobic > Biogas	5566	9
Engineered > Bioremediation > Hydrocarbon	4300	9
Engineered > Industrial production > Chemical products > Buffer	5692	9
Environmental > Aquatic > Freshwater > Groundwater > Mine drainage	4170	9
Environmental > Aquatic > Freshwater > River > Periphyton	5345	9
Environmental > Aquatic > Marine > Deep subsurface > Hydrocarbon	5723	9
Environmental > Aquatic > Thermal springs > Near-boiling (>90C)	4818	9
Environmental > Aquatic > Thermal springs > Warm (34-42C)	3986	9
Environmental > Terrestrial > Soil > Clay > Contaminated	4231	9
Environmental > Terrestrial > Soil > Coastal area > Acid sulfate soil	7792	9
Environmental > Terrestrial > Soil > Loam	4241	9
Environmental > Terrestrial > Soil > Sand > Forest soil	4224	9
Host-associated > Amphibia > Digestive system	4083	9
Host-associated > Annelida > Digestive system > Digestive tube	4767	9
Host-associated > Arthropoda: Insects > Prepupa > Gut	7177	9
Host-associated > Mammals: Human > Malignant tumor > Carcinoma > Oral cavity cancer	6179	9
Host-associated > Mammals: Human > Malignant tumor > Lymphoma > Diffuse large B-cell lymphoma	6201	9
Host-associated > Reptilia > Respiratory system > Lung	5158	9
Engineered > Bioreactor > Denitrification	6986	8
Engineered > Bioreactor > Denitrification > Woodchip Bioreactor (WBR)	5951	8
Engineered > Bioremediation > Terephthalate > Wastewater > Bioreactor	4302	8
Engineered > Built environment > City > Park	4398	8
Engineered > Built environment > City > Subway > Concrete surface	5465	8
Engineered > Built environment > Tailings pond > Wastewater	5656	8
Engineered > Food production > Fish products	5891	8
Engineered > Solid waste > Wood > Composting > Bioreactor	4856	8
Engineered > Wastewater > Industrial wastewater > Dairy farm	5514	8
Engineered > Wastewater > Industrial wastewater > Mine water > Acid mine drainage	5555	8
Environmental > Aquatic > Freshwater > Drinking water > Unchlorinated	4547	8
Environmental > Aquatic > Freshwater > Lake > Algal bloom	5349	8
Environmental > Aquatic > Freshwater > Lentic > Epilimnion	4177	8
Environmental > Aquatic > Marine > Archipelago > Sediment	5383	8
Environmental > Aquatic > Marine > Oil seeps	4026	8
Environmental > Aquatic > Non-marine Saline and Alkaline > Alkaline > Mine pit pond	5720	8
Environmental > Aquatic > Non-marine Saline and Alkaline > Saline lake > Sediment	7283	8
Environmental > Terrestrial > Deep subsurface > Cave > Wall biofilm	5970	8
Environmental > Terrestrial > Geologic > Mine	4193	8
Host-associated > Annelida > Integument	4336	8
Host-associated > Arthropoda: Insects > Thorax > Prothorax > Propleura	7209	8
Host-associated > Fish > Urinary system > Kidneys	4097	8
Host-associated > Fungi > Sclerotium	4528	8
Host-associated > Invertebrates > Ctenophora	4615	8
Host-associated > Mammals: Human > Digestive system > Oral cavity > Oral mucosa	6094	8
Host-associated > Mammals: Human > Lymphatic system > Tonsils > Palatine/Faucial	6142	8
Host-associated > Mammals: Human > Malignant tumor > Myeloma > Multiple myeloma	6210	8
Host-associated > Mammals: Human > Remains > Fossilized remains > Paleofeces	6674	8
Host-associated > Mammals: Human > Remains > Skeletonized remains > Bone	6158	8
Engineered	4292	7
Engineered > Bioreactor > Anaerobic > Effluent	8167	7
Engineered > Built environment > Tailings pond	4469	7
Engineered > Industrial production > Engineered product > Biocathode	4612	7
Engineered > Lab enrichment > Defined media > Aerobic media	4288	7
Engineered > Modeled > Simulated communities (sequence read mixture)	4309	7
Engineered > Wastewater > Nutrient removal > Nitrogen removal	4255	7
Environmental > Aquatic > Freshwater > Simulated rainfall > Runoff	8075	7
Environmental > Aquatic > Freshwater > Subglacial lake	4737	7
Environmental > Aquatic > Marine > Abyssopelagic	5340	7
Environmental > Aquatic > Marine > Continental margin > Sediment	5387	7
Environmental > Aquatic > Marine > Oceanic > Benthic	4040	7
Environmental > Aquatic > Non-marine Saline and Alkaline > Alkaline > Microbial mats	3967	7
Environmental > Aquatic > Thermal springs > Warm (34-42C) > Sediment	3988	7
Environmental > Terrestrial > Deep subsurface > Clay	4246	7
Environmental > Terrestrial > Nest > Insects nest > Beehive: Honey	7277	7
Environmental > Terrestrial > Soil > Mine drainage	4221	7
Host-associated > Amphibia > Digestive system > Biliary tract > Liver	6953	7
Host-associated > Annelida	4331	7
Host-associated > Fish > Nervous system > Cerebrospinal fluid	5288	7
Host-associated > Mammals: Human > Digestive system > Oral cavity > Attached/Keratinized gingiva	3910	7
Host-associated > Mammals: Human > Integumentary system > Skin > Skin tissue	6218	7
Host-associated > Mammals: Human > Lymphatic system > Lymph nodes > Cervical/Neck nodes	6182	7
Host-associated > Mammals: Human > Malignant tumor > Carcinoma > Urothelial carcinoma/Transitional cell carcinoma (TCC)	6220	7
Host-associated > Mammals: Human > Respiratory system > Nasal cavity	6187	7
Host-associated > Mammals: Human > Visual system > Eye: Ciliary body > Intraocular fluid/Aqueous humor	6184	7
Host-associated > Mollusca > Digestive system > Gut	5068	7
Host-associated > Plants > Roots > Rhizoplane > Endophytes	5449	7
Host-associated > Reptilia > Respiratory system > Trachea	4975	7
Engineered > Artificial ecosystem > Aquaculture > Crustaceans pond	8003	6
Engineered > Artificial ecosystem > Aquaculture > Crustaceans pond > Sediment	8006	6
Engineered > Lab culture > Culture media > Algae > Contaminated	5982	6
Engineered > Lab culture > Culture media > Bacteria > Contaminated	5986	6
Engineered > Solid waste > Feedstock > Composting	4893	6
Engineered > Wastewater > Industrial wastewater > Mine water > Sediment	4690	6
Environmental > Aquatic > Deep subsurface > Groundwater > Porewater	7770	6
Environmental > Aquatic > Freshwater > Glacier > Meltwater	7297	6
Environmental > Aquatic > Freshwater > Ice > Glacier meltwater	7784	6
Environmental > Aquatic > Freshwater > Ice > Liftoff microbial mat	7783	6
Environmental > Aquatic > Marine > Benthic > Wood fall	5712	6
Environmental > Aquatic > Marine > Benthic zone > Sediment	7906	6
Environmental > Aquatic > Marine > Intertidal zone > Mangrove soil	5422	6
Environmental > Aquatic > Marine > Sea ice > Melt pond	5628	6
Environmental > Aquatic > Thermal springs > Near-boiling (>90C) > Sediment	7718	6
Environmental > Terrestrial > Asphalt lakes > Tar	4195	6
Environmental > Terrestrial > Deep subsurface > Cave > Wall surface	7790	6
Environmental > Terrestrial > Oil reservoir > Produced water	5428	6
Environmental > Terrestrial > Soil > Botanical garden > Bulk soil	5867	6
Host-associated > Algae > Diatoms > Phycosphere	7779	6
Host-associated > Arthropoda: Insects > Circulatory system > Hemolymph	7085	6
Host-associated > Fungi > Spore	7744	6
Host-associated > Invertebrates > Cnidaria > Coral > Surface	4651	6
Host-associated > Mammals > Digestive system > Biliary tract > Liver	6399	6
Host-associated > Mammals > Digestive system > Large intestine > Proximal colon	6386	6
Host-associated > Mammals > Digestive system > Stomach > Rumen mucosa	6397	6
Host-associated > Mammals > Integumentary system > Skin > Rhinarium	6384	6
Host-associated > Mammals > Visual system > Eye > Cornea	6409	6
Host-associated > Mammals: Human > Cell culture > HuSC	6254	6
Host-associated > Mammals: Human > Digestive system > Biliary tract > Gallbladder: Bile	6089	6
Host-associated > Mammals: Human > Digestive system > Lower gastrointestinal tract > Intestinal mucosa	6093	6
Host-associated > Mammals: Human > Integumentary system > Sebaceous glands > Sebum	7028	6
Host-associated > Mollusca > Respiratory system > Gills > Extracellular	4325	6
Host-associated > Protozoa	4339	6
Host-associated > Reptilia > Nervous system > Brain	6948	6
Host-associated > Reptilia > Urinary system > Kidney	6942	6
Engineered > Built environment > Solar panel	4639	5
Engineered > Industrial production > Biochar	4618	5
Engineered > Industrial production > Chemical products > PCR blank control	5581	5
Engineered > Lab enrichment > Defined media > Marine media	4291	5
Engineered > Sewage treatment plant > Sludge	5520	5
Engineered > Sewage treatment plant > Wastewater > Activated sludge	5593	5
Engineered > Solid waste > Bagasse > Composting	4927	5
Engineered > Solid waste > Bio- and green waste (BGW) > Composting	7757	5
Environmental > Aquatic > Freshwater > Lake > Lake biofilm	7787	5
Environmental > Aquatic > Marine > Neritic zone/Coastal water > Reef zone	7949	5
Environmental > Aquatic > Marine > Ocean trench > Sediment	5390	5
Environmental > Aquatic > Marine > Pelagic zone > Bathypelagic/Bathyal zone	7899	5
Environmental > Aquatic > Thermal springs > Near-boiling (>90C) > Alkaline	3993	5
Host-associated > Fish > Integumentary system > Skin	6920	5
Host-associated > Mammals > Digestive system > Lower gastrointestinal tract	6417	5
Host-associated > Mammals: Human > Circulatory system > Blood > PBMC	6217	5
Host-associated > Mammals: Human > Malignant tumor > Carcinoma > Actinic keratosis	6193	5
Host-associated > Mammals: Human > Malignant tumor > Carcinoma > Ovarian cancer	6178	5
Host-associated > Mammals: Human > Remains > Skeletonized remains > Tooth	6140	5
Host-associated > Plants > Phyllosphere > Anthosphere	4538	5
Host-associated > Reptilia > Circulatory system > Heart	6945	5
Engineered > Artificial ecosystem > Aquaculture > Algae raceway pond	7994	4
Engineered > Bioreactor > DHS reactor > Sludge	5836	4
Engineered > Bioreactor > Wastewater	5828	4
Engineered > Bioremediation > Terephthalate > Wastewater > Activated sludge	4301	4
Engineered > Biotransformation > Mixed alcohol bioreactor	4315	4
Engineered > Built environment > Dairy processing facility	5715	4
Engineered > Built environment > Oil refinery	4817	4
Engineered > Industrial production > Engineered product > Bioanode > Biofilm	5648	4
Engineered > Plant products > Food production	5894	4
Engineered > Solid waste	4276	4
Engineered > WWTP > Influent > Raw wastewater > Municipal and sewage	6080	4
Engineered > Wastewater > Industrial wastewater > Aquaculture farm	7857	4
Engineered > Wastewater > Nutrient removal	4261	4
Environmental > Aquatic > Freshwater > Lentic > Limnetic zone	4176	4
Environmental > Aquatic > Freshwater > Storm water > Drainage pipe biofilm	4190	4
Environmental > Aquatic > Freshwater > Wetlands > Swamp	4182	4
Environmental > Aquatic > Marine > Fossil > Whale fall	4000	4
Environmental > Aquatic > Marine > Oceanic > Plankton	5378	4
Environmental > Aquatic > Non-marine Saline and Alkaline > Saline > Athalassic	3971	4
Environmental > Aquatic > Thermal springs > Runoff channel > Adjacent soil	6352	4
Environmental > Terrestrial > Oil reservoir > Sediment	5432	4
Environmental > Terrestrial > Soil > Floodplain > Fluvial sediment	8089	4
Host-associated > Amphibia > Digestive system > Intestine > Fecal	7294	4
Host-associated > Arthropoda: Insects > Digestive system > Foregut	7199	4
Host-associated > Arthropoda: Insects > Digestive system > Hindgut > Anterior	7206	4
Host-associated > Arthropoda: Insects > Digestive system > Hindgut > P4 segment	7248	4
Host-associated > Cephalochordata > Digestive system > Intestine > Fecal	4963	4
Host-associated > Fish > Digestive system > Intestine > Fecal	4968	4
Host-associated > Mammals > Integumentary system > Sebaceous glands > Sebum	7515	4
Host-associated > Mammals > Integumentary system > Skin	6392	4
Host-associated > Mammals: Human > Digestive system > Oral cavity > Gingiva	6095	4
Host-associated > Mammals: Human > Digestive system > Small intestine > Ileostomy effluent	6255	4
Host-associated > Mammals: Human > Malignant tumor > Germ cell tumor > Testicular non-seminoma	6203	4
Host-associated > Mammals: Human > Remains > Skeletonized remains > Kidney stones	6161	4
Engineered > Bioreactor > Anaerobic > Biofilm	8157	3
Engineered > Bioreactor > Anaerobic > Leachate	5669	3
Engineered > Bioreactor > DHS reactor > Wastewater	5838	3
Engineered > Bioreactor > MBR (Membrane bioreactor) > Mixed liquor	8159	3
Engineered > Bioreactor > Wastewater > Sludge	5602	3
Engineered > Biotransformation > Microbial solubilization of coal	4312	3
Engineered > Built environment > City	4403	3
Engineered > Built environment > Pipeline	4665	3
Engineered > Built environment > Tailings pond > Petrochemical > Wastewater	5694	3
Engineered > Solid waste > Animal waste > Manure slurry > Liquid manure	8076	3
Engineered > Spices > Food production	5897	3
Engineered > Wastewater > Industrial wastewater > Agricultural wastewater	4268	3
Environmental > Air > Indoor Air > Poultry farm	6899	3
Environmental > Aquatic > Deep subsurface > Groundwater > Cave microbial mat	5967	3
Environmental > Aquatic > Deep subsurface > Groundwater > Cave stream sediment	7786	3
Environmental > Aquatic > Deep subsurface > Subglacial lake	7672	3
Environmental > Aquatic > Deep subsurface > Subglacial lake > Sediment	7671	3
Environmental > Aquatic > Freshwater > Groundwater > Mine	4168	3
Environmental > Aquatic > Freshwater > Harbor	4420	3
Environmental > Aquatic > Freshwater > Puddle	5747	3
Environmental > Aquatic > Freshwater > Storm water	4189	3
Environmental > Aquatic > Marine > Aquifer > Formation fluid	5737	3
Environmental > Aquatic > Marine > Hadalpelagic	5344	3
Environmental > Aquatic > Marine > Intertidal zone > Seagrass bed sediment	7941	3
Environmental > Aquatic > Marine > Oceanic > Microbial mats	4557	3
Environmental > Aquatic > Marine > Oceanic > Rock	5738	3
Environmental > Aquatic > Marine > Sea ice > Cryoconite	5381	3
Environmental > Aquatic > Marine > Strait > Sediment	5904	3
Environmental > Aquatic > Marine > Subtidal zone > Sediment	4647	3
Environmental > Aquatic > Non-marine Saline and Alkaline > Lake > Brine	5372	3
Environmental > Aquatic > Thermal springs > Tepid (25-34C) > Sediment	3990	3
Environmental > Terrestrial > Nest > Insects nest > Beehive: Brood combs	7298	3
Environmental > Terrestrial > Nest > Insects nest > Beehive: Cerumen	7299	3
Environmental > Terrestrial > Soil > Biochar > Agricultural land	5776	3
Environmental > Terrestrial > Soil > Leptosol > Eutric	6002	3
Host-associated > Amphibia > Respiratory system > Lung	5170	3
Host-associated > Annelida > Whole body	4531	3
Host-associated > Arthropoda: Crustaceans > Digestive system > Gut > Intestine	7314	3
Host-associated > Arthropoda: Insects > Digestive system > Hindgut > P1 segment	7247	3
Host-associated > Arthropoda: Insects > Reproductive system > Ovaries	7246	3
Host-associated > Arthropoda: Myriapoda > Digestive system > Gut	4072	3
Host-associated > Arthropoda: Myriapoda > Whole body	7235	3
Host-associated > Birds > Circulatory system > Blood > Serum	6898	3
Host-associated > Fungi > Appressorium	7750	3
Host-associated > Fungi > Germ tube	7747	3
Host-associated > Invertebrates > Echinodermata	4803	3
Host-associated > Mammals > Digestive system > Stomach > Rumen: Ventral sac	6390	3
Host-associated > Mammals > Urinary system > Urine	6403	3
Host-associated > Mammals: Human > Digestive system > Oral cavity > Periodontal pockets	3908	3
Host-associated > Mammals: Human > Lymphatic system > Lymph nodes	4128	3
Host-associated > Mammals: Human > Malignant tumor > Carcinoma > Keratoacanthoma	6194	3
Host-associated > Mammals: Human > Remains > Mummified remains > Large intestine content	6152	3
Host-associated > Mollusca > Bivalves	5761	3
Host-associated > Plants > Rhizome > Bulb	5416	3
Host-associated > Plants > Rhizome > Stem tuber	4994	3
Engineered > Artificial ecosystem > Soil microcosm > Contaminated soil > Hydrocarbon	6045	2
Engineered > Bioreactor > Anaerobic > Settled granule	5608	2
Engineered > Bioreactor > Microbial fuel cells/MFC > Cathode	7657	2
Engineered > Bioreactor > Sulphur Autotrophic Denitrification	5637	2
Engineered > Bioreactor > Sulphur Autotrophic Denitrification > Interstitial water	5662	2
Engineered > Bioremediation > Terephthalate > Wastewater	4303	2
Engineered > Bioremediation > Tetrachloroethylene and derivatives > Tetrachloroethylene > Bioreactor	4295	2
Engineered > Food production > Sourdough	5329	2
Engineered > Industrial production > Chemical products > Input fracking water	5878	2
Engineered > Industrial production > Engineered product > Biocathode > Biofilm	5682	2
Engineered > Lab culture > Culture media > Archaea	7303	2
Engineered > Lab culture > Culture media > Contaminated	5987	2
Engineered > Solid waste > Agricultural waste > Composting	4910	2
Engineered > Solid waste > Agricultural waste > Composting > Sugarcane filter cake	5735	2
Engineered > Solid waste > Food waste	7966	2
Engineered > Solid waste > Household waste	8155	2
Engineered > Solid waste > Household waste > Composting	4907	2
Engineered > Wastewater > Nutrient removal > Nitrogen removal > Anammox	4256	2
Environmental > Aquatic > Deep subsurface > Groundwater > Cave lake	8197	2
Environmental > Aquatic > Deep subsurface > Groundwater > Well sediment	5959	2
Environmental > Aquatic > Freshwater > Lake > Biofilm	7640	2
Environmental > Aquatic > Freshwater > Lentic > Littoral zone	4178	2
Environmental > Aquatic > Freshwater > Sinkhole > Microbial mats	5361	2
Environmental > Aquatic > Freshwater > Subterranean lake	4562	2
Environmental > Aquatic > Marine > Pelagic zone > Hadopelagic zone/Ocean trenches	7901	2
Environmental > Aquatic > Non-marine Saline and Alkaline > Saline > Epilimnion	3977	2
Environmental > Aquatic > Thermal springs > Warm (34-42C) > Acidic	4546	2
Environmental > Terrestrial > Asphalt lakes	4718	2
Environmental > Terrestrial > Cave > Wall > Biofilm	4643	2
Environmental > Terrestrial > Deep subsurface > Cave	7086	2
Environmental > Terrestrial > Deep subsurface > Water well	4607	2
Environmental > Terrestrial > Geologic > Sediment > Pyrite containing	5920	2
Environmental > Terrestrial > Mud volcano	4689	2
Environmental > Terrestrial > Oil reservoir > Oil	5426	2
Environmental > Terrestrial > Soil > Contaminated > Pesticide	5885	2
Environmental > Terrestrial > Soil > Gravesite > Sediment	6163	2
Environmental > Terrestrial > Soil > Oak savanna	7752	2
Environmental > Terrestrial > Soil > Paddy field/soil > Contaminated	5612	2
Environmental > Terrestrial > Soil > Peat > Palsa	5816	2
Environmental > Terrestrial > Soil > Riverside	7981	2
Environmental > Terrestrial > Soil > Salt flat/Salt pan	7964	2
Environmental > Terrestrial > Soil > Sand > Oil-contaminated	4204	2
Host-associated > Algae > Red algae > Blade	7720	2
Host-associated > Algae > Yellow-green algae	4829	2
Host-associated > Annelida > Integument > Cuticle > Epibionts	4337	2
Host-associated > Annelida > Reproductive system > Egg capsule	4333	2
Host-associated > Annelida > Tissue	5115	2
Host-associated > Arthropoda: Crustaceans > Respiratory system > Gill/Bronchial chamber	7265	2
Host-associated > Arthropoda: Insects > Larva > Gut > Gastric caeca	7250	2
Host-associated > Cephalochordata	5173	2
Host-associated > Fish	4095	2
Host-associated > Fish > Digestive system	4090	2
Host-associated > Fish > Multiple systems > Multiple organs	6959	2
Host-associated > Fungi	4098	2
Host-associated > Mammals > Connective tissue > Tendons > Tissue-engineered	6413	2
Host-associated > Mammals > Digestive system > Oral cavity > Saliva	4992	2
Host-associated > Mammals > Integumentary system > Skin > Surface	6393	2
Host-associated > Mammals > Remains > Fossilized remains > Bone	8087	2
Host-associated > Mammals > Remains > Fossilized remains > Tooth	6428	2
Host-associated > Mammals: Human > Cell Line > CaSki	6192	2
Host-associated > Mammals: Human > Digestive system > Oral cavity > Dental calculus	6098	2
Host-associated > Mammals: Human > Integumentary system > Skin > Genital region	6235	2
Host-associated > Mammals: Human > Malignant tumor > Carcinoma > Bowens disease/Squamous cell carcinoma in situ	6196	2
Host-associated > Mammals: Human > Malignant tumor > Carcinoma > Gastric carcinoma	6180	2
Host-associated > Mammals: Human > Malignant tumor > Lymphoma > Lymphoblastic lymphoma	6205	2
Host-associated > Mammals: Human > Remains > Mummified remains > Muscle tissue	6144	2
Host-associated > Mammals: Human > Reproductive system > Vagina > Midpoint	4139	2
Host-associated > Mammals: Human > Skeletal system > Bone > Vertebra	6241	2
Host-associated > Microbial	4317	2
Engineered > Bioreactor > High-salinity/high-pH	7800	1
Engineered > Bioreactor > Microbial fuel cells/MFC > Anode > Biofilm	7658	1
Engineered > Bioreactor > Photobioreactor (PBR)	8185	1
Engineered > Bioreactor > Photobioreactor (PBR) > Biofilm	5846	1
Engineered > Bioreactor > SSF (Solid state fermentation) > Biomass	7766	1
Engineered > Bioreactor > Wastewater > Activated sludge	5681	1
Engineered > Bioreactor > Wastewater > Cyanide/thiocyanate	5684	1
Engineered > Bioremediation	4304	1
Engineered > Bioremediation > Hydrocarbon > Methane	4452	1
Engineered > Bioremediation > Persistent organic pollutants (POP)	4724	1
Engineered > Bioremediation > Persistent organic pollutants (POP) > Polycyclic aromatic hydrocarbons	4305	1
Engineered > Biotransformation	4314	1
Engineered > Biotransformation > Microbial enhanced oil recovery	4313	1
Engineered > Built environment > Cement wall	4812	1
Engineered > Built environment > City > Subway > Bench surface	5464	1
Engineered > Built environment > City > Subway > Stone surface	5467	1
Engineered > Built environment > Drinking water treatment plant > Drinking water	5500	1
Engineered > Built environment > Hospital > ICU > Floor	5574	1
Engineered > Built environment > Oil refinery > Petroleum sludge	4519	1
Engineered > Built environment > Pipeline > Drinking water pipeline > Biofilm	5701	1
Engineered > Built environment > Tailings pond > Petrochemical	5850	1
Engineered > Food production > Fermentation cellar > Pit mud	5634	1
Engineered > Modeled > Simulated communities (contig mixture)	7806	1
Engineered > Sewage treatment plant > Wastewater	5523	1
Engineered > Solid waste > Animal waste > Composting	4936	1
Engineered > Solid waste > Vegetable	5946	1
Engineered > Wastewater > Municipal landfill > Leachate	5667	1
Engineered > Wastewater > Sludge	5503	1
Environmental > Air	3963	1
Environmental > Aquatic > Freshwater > Agricultural field	5742	1
Environmental > Aquatic > Freshwater > Bog lake	7789	1
Environmental > Aquatic > Freshwater > Ice > Ice accretions	4062	1
Environmental > Aquatic > Freshwater > Ice > Snow	5544	1
Environmental > Aquatic > Freshwater > Lentic > Hypolimnion	4173	1
Environmental > Aquatic > Freshwater > Puddle > Microbial mats	5748	1
Environmental > Aquatic > Marine > Harbor > Sediment	6043	1
Environmental > Aquatic > Marine > Hydrothermal vents > Hydrothermal plume	8198	1
Environmental > Aquatic > Marine > Intertidal zone > Oil-contaminated	4020	1
Environmental > Aquatic > Non-marine Saline and Alkaline > Near-boiling (>90C) > Alkaline	3983	1
Environmental > Aquatic > Non-marine Saline and Alkaline > Saline > Thalassic	3976	1
Environmental > Aquatic > Non-marine Saline and Alkaline > Salt marsh	7712	1
Environmental > Aquatic > Thermal springs > Acid lake	6887	1
Environmental > Aquatic > Thermal springs > Acid lake > Sediment	7824	1
Environmental > Terrestrial > Desert	5442	1
Environmental > Terrestrial > Geologic > Oil-contaminated sediment	5772	1
Environmental > Terrestrial > Nest > Insects nest > Beehive: Pollen	7641	1
Environmental > Terrestrial > Nest > Insects nest > Beehive: Royal jelly	7278	1
Environmental > Terrestrial > Soil > Botanical garden	8395	1
Environmental > Terrestrial > Soil > Organic layer	5822	1
Environmental > Terrestrial > Soil > Peat > Lignite	6466	1
Environmental > Terrestrial > Soil > Peat > Permafrost	5808	1
Environmental > Terrestrial > Soil > Silt	4227	1
Environmental > Terrestrial > Soil > Soil crust > Physical	7687	1
Environmental > Terrestrial > Soil > Tailings	7797	1
Host-associated > Algae > Mixed algae turf	5907	1
Host-associated > Amoebozoa > Pessonella	5293	1
Host-associated > Annelida > Reproductive system > Egg capsule > Extracellular	4332	1
Host-associated > Arthropoda: Chelicerates > Cell Line > ISE6	7823	1
Host-associated > Arthropoda: Crustaceans > Circulatory system > Hemolymph	7221	1
Host-associated > Arthropoda: Crustaceans > Integumentary system > Cuticle > Setae	8189	1
Host-associated > Arthropoda: Crustaceans > Respiratory system > Gill/Bronchial chamber > Gills	7264	1
Host-associated > Arthropoda: Insects > Abdomen > Metasoma > Gaster	7252	1
Host-associated > Arthropoda: Insects > Digestive system > Hindgut > Fecal	7187	1
Host-associated > Arthropoda: Insects > Digestive system > Midgut > Caeca: Bacteriome	7193	1
Host-associated > Arthropoda: Insects > Fat body	7095	1
Host-associated > Arthropoda: Insects > Head	7168	1
Host-associated > Arthropoda: Insects > Legs and wings	7162	1
Host-associated > Arthropoda: Insects > Pupa > Cocoon > Meconium	7255	1
Host-associated > Arthropoda: Insects > Thorax	7165	1
Host-associated > Birds > Digestive system > Biliary tract > Liver	6897	1
Host-associated > Bryozoa > Reproductive system > Ovicells	8196	1
Host-associated > Fish > Integumentary system > Skin > Lesion	6932	1
Host-associated > Fish > Multiple systems > Multiple organs > Whole body	6960	1
Host-associated > Fish > Reproductive system > Ovaries	6964	1
Host-associated > Fish > Reproductive system > Testes	6962	1
Host-associated > Fish > Respiratory system > Lung	5152	1
Host-associated > Invertebrates > Bryozoans > Gymnolaemates	4087	1
Host-associated > Mammals > Integumentary system > Skin > Udder dermatitis	6401	1
Host-associated > Mammals > Multiple systems > Soft tissue > Pooled tissues	6882	1
Host-associated > Mammals: Human > Benign tumor > Polyps > Nasal	6243	1
Host-associated > Mammals: Human > Benign tumor > Skin tag > Tissue	6233	1
Host-associated > Mammals: Human > Circulatory system > Heart > Tricuspid valve	6244	1
Host-associated > Mammals: Human > Digestive system > Large intestine > Ascending colon	6106	1
Host-associated > Mammals: Human > Digestive system > Large intestine > Descending colon	5028	1
Host-associated > Mammals: Human > Digestive system > Oral cavity > Hard palate	3918	1
Host-associated > Mammals: Human > Digestive system > Oral cavity > Tooth: Dentin	6101	1
Host-associated > Mammals: Human > Integumentary system > Skin > Psoriasis lesion	6230	1
Host-associated > Mammals: Human > Malignant tumor > Germ cell tumor > Testicular seminoma	6204	1
Host-associated > Mammals: Human > Muscular system > Skeletal muscle	6251	1
Host-associated > Mammals: Human > Remains > Mummified remains > Lungs	6160	1
Host-associated > Mammals: Human > Remains > Mummified remains > Small intestine content	6147	1
Host-associated > Mammals: Human > Remains > Skeletonized remains > Hair	6159	1
Host-associated > Mammals: Human > Reproductive system	4143	1
Host-associated > Mammals: Human > Reproductive system > External genitalia/Vulva	6246	1
Host-associated > Mammals: Human > Reproductive system > External organs > Penis	6288	1
Host-associated > Mammals: Human > Skeletal system > Bone > Scull: Ethmoid	5312	1
Host-associated > Mammals: Human > Visual system > Canthus	6238	1
Host-associated > Mollusca > Digestive system > Ceca	4866	1
Host-associated > Plants > Phyllosphere > Caulosphere > Bark	5752	1
Host-associated > Plants > Phyllosphere > Cob	5740	1
Host-associated > Plants > Phyllosphere > Stem	7110	1
Host-associated > Plants > Seeds > Seed radicle	5448	1
Host-associated > Protists > Breviatea	4598	1
Host-associated > Protists > Excavata > Jakobids	5949	1
Host-associated > Protists > Excavata > Parabasalids > Anaerobic	7280	1
Host-associated > Protozoa > Oxymonads	5654	1
Host-associated > Tunicates	4569	1
