subject_label	subject_label_normalized	object_id	object_label	object_source	predicate_id	confidence	mapping_justification	curator	source_dataset	verified_date
Abdomen	abdomen	UBERON:0000916	abdomen	UBERON	skos:exactMatch	high	semapv:LexicalMatching	ols4_auto	bacdive	2026-05-01
Abort	abort							codex_review_fix_v2	bacdive	2026-05-02
Abscess	abscess	mesh:D000038	Abscess	mesh	skos:exactMatch	high	semapv:ManualMappingCuration	family_mismatch_fix	bacdive	2026-05-02
Acidic	acidic	PATO:0001429	acidic	PATO	skos:exactMatch	high	semapv:ManualMappingCuration	family_mismatch_fix	bacdive	2026-05-05
Activated-sludge	activated sludge	ENVO:00002046	activated sludge	ENVO	skos:exactMatch	high	semapv:LexicalMatching	ols4_auto	bacdive	2026-05-01
Agriculture	agriculture	ENVO:01001442	agriculture	ENVO	skos:exactMatch	high	semapv:LexicalMatching	ols4_auto	bacdive	2026-05-01
Air	air	ENVO:00002005	air	ENVO	skos:exactMatch	high	semapv:LexicalMatching	ols4_auto	bacdive	2026-05-01
Air-conditioner	air conditioner							codex_review_fix	bacdive	2026-05-02
Airways	airways	UBERON:0001005	respiratory airway	UBERON	skos:closeMatch	medium	semapv:LexicalMatching	ols4_search_synonym	bacdive	2026-05-01
Algae	algae	FOODON:03411301	algae	FOODON	skos:exactMatch	high	semapv:LexicalMatching	ols4_auto	bacdive	2026-05-01
Alkaline	alkaline	PATO:0001430	alkaline	PATO	skos:exactMatch	high	semapv:ManualMappingCuration	family_mismatch_fix	bacdive	2026-05-05
Alpine	alpine	ENVO:01000340	alpine	ENVO	skos:exactMatch	high	semapv:LexicalMatching	ols4_auto	bacdive	2026-05-01
Amniotic-fluid	amniotic fluid	UBERON:0000173	amniotic fluid	UBERON	skos:exactMatch	high	semapv:LexicalMatching	ols4_auto	bacdive	2026-05-01
Amphibia	amphibia	NCBITaxon:8292	Amphibia	NCBITaxon	skos:exactMatch	high	semapv:LexicalMatching	ols4_auto	bacdive	2026-05-01
Anaerobic-digestor	anaerobic digestor							codex_review_fix	bacdive	2026-05-02
Animal-feed	animal feed	ENVO:02000047	animal feed	ENVO	skos:exactMatch	high	semapv:LexicalMatching	ols4_auto	bacdive	2026-05-01
Animal-habitation-Nest,Burrow	animal habitation nest burrow	ENVO:01000429	burrow	ENVO	skos:closeMatch	medium	semapv:LexicalMatching	ols4_search_synonym	bacdive	2026-05-01
Animal-produced-food-natural	animal produced food natural	NCIT:C85060	Natural	NCIT	skos:closeMatch	medium	semapv:LexicalMatching	ols4_search_synonym	bacdive	2026-05-01
Ankle	ankle	UBERON:0001488	ankle joint	UBERON	skos:exactMatch	high	semapv:ManualMappingCuration	kg_review_promote	bacdive	2026-05-02
Annelida	annelida	NCBITaxon:6340	Annelida	NCBITaxon	skos:exactMatch	high	semapv:LexicalMatching	ols4_auto	bacdive	2026-05-01
Anoxic-anaerobic	anoxic anaerobic	PATO:0001456	anaerobic	PATO	skos:exactMatch	high	semapv:ManualMappingCuration	family_mismatch_fix	bacdive	2026-05-05
Antibiotic-treatment	antibiotic treatment							family_mismatch_fix	bacdive	2026-05-02
Aquaculture	aquaculture	ENVO:03600074	aquaculture farm	ENVO	skos:closeMatch	medium	semapv:LexicalMatching	ols4_auto	bacdive	2026-05-01
Aquatic	aquatic	ENVO:00002030	aquatic biome	ENVO	skos:closeMatch	medium	semapv:LexicalMatching	ols4_auto	bacdive	2026-05-01
Aquatic-mammal	aquatic mammal	FOODON:03411134	mammal	FOODON	skos:closeMatch	medium	semapv:LexicalMatching	ols4_search_synonym	bacdive	2026-05-01
Aquatic-plant	aquatic plant	FOODON:03401156	50122200 - aquatic plants prepared/processed (gs1 gpc)	FOODON	skos:closeMatch	medium	semapv:LexicalMatching	ols4_auto	bacdive	2026-05-01
Arid	arid	ENVO:01000230	arid	ENVO	skos:exactMatch	high	semapv:LexicalMatching	ols4_auto	bacdive	2026-05-01
Arm	arm	UBERON:0001460	arm	UBERON	skos:exactMatch	high	semapv:LexicalMatching	ols4_auto	bacdive	2026-05-01
Arthropoda	arthropoda	NCBITaxon:6656	Arthropoda	NCBITaxon	skos:exactMatch	high	semapv:LexicalMatching	ols4_auto	bacdive	2026-05-01
Aspirate	aspirate	NCIT:C13347	Aspirate	NCIT	skos:exactMatch	high	semapv:LexicalMatching	ols4_auto	bacdive	2026-05-01
Bacteria	bacteria	NCBITaxon:2	Bacteria	NCBITaxon	skos:exactMatch	high	semapv:LexicalMatching	ols4_auto	bacdive	2026-05-01
Bark	bark	PO:0004518	bark	PO	skos:exactMatch	high	semapv:LexicalMatching	ols4_auto	bacdive	2026-05-01
Beverage	beverage	FOODON:00003202	beverage	FOODON	skos:exactMatch	high	semapv:LexicalMatching	ols4_auto	bacdive	2026-05-01
Biodegradation	biodegradation							kg_review_lit_check	bacdive	2026-05-02
Biofilm	biofilm	ENVO:00002034	biofilm	ENVO	skos:exactMatch	high	semapv:LexicalMatching	ols4_auto	bacdive	2026-05-01
Biofilter	biofilter	ENVO:00002152	biofilter	ENVO	skos:exactMatch	high	semapv:LexicalMatching	ols4_auto	bacdive	2026-05-01
Biopsy	biopsy	NCIT:C15189	Biopsy Procedure	NCIT	skos:closeMatch	medium	semapv:LexicalMatching	ols4_auto	bacdive	2026-05-01
Bioreactor	bioreactor	ENVO:00002123	bioreactor	ENVO	skos:exactMatch	high	semapv:LexicalMatching	ols4_auto	bacdive	2026-05-01
Bioremediation	bioremediation							codex_review_fix	bacdive	2026-05-02
Birds	birds	NCBITaxon:8782	Aves	NCBITaxon	skos:exactMatch	high	semapv:ManualMappingCuration	kg_review_promote	bacdive	2026-05-02
Bladder	bladder	UBERON:0018707	bladder organ	UBERON	skos:exactMatch	high	semapv:ManualMappingCuration	kg_review_promote	bacdive	2026-05-02
Bladder-stone	bladder stone	NCIT:C26707	Urinary Bladder Stone	NCIT	skos:closeMatch	medium	semapv:LexicalMatching	ols4_auto	bacdive	2026-05-01
Blood	blood	UBERON:0000178	blood	UBERON	skos:exactMatch	high	semapv:LexicalMatching	ols4_auto	bacdive	2026-05-01
Blood-culture	blood culture	NCIT:C16403	Blood Culture	NCIT	skos:exactMatch	high	semapv:ManualMappingCuration	family_mismatch_fix	bacdive	2026-05-02
Bone	bone	UBERON:0001474	bone element	UBERON	skos:closeMatch	medium	semapv:LexicalMatching	ols4_auto	bacdive	2026-05-01
Boreal	boreal	ENVO:01000174	forest biome	ENVO	skos:exactMatch	high	semapv:ManualMappingCuration	kg_review_promote	bacdive	2026-05-02
Bottled,-canned,-packed-food	bottled canned packed food	CHEBI:33290	food	CHEBI	skos:closeMatch	medium	semapv:LexicalMatching	ols4_search_synonym	bacdive	2026-05-01
Bovinae-Cow,-Cattle	bovinae cow cattle	NCBITaxon:9903	Bos	NCBITaxon	skos:closeMatch	medium	semapv:LexicalMatching	ols4_search_synonym	bacdive	2026-05-01
Brackish	brackish	ENVO:01001321	brackish water body	ENVO	skos:closeMatch	medium	semapv:LexicalMatching	ols4_auto	bacdive	2026-05-01
Brain	brain	UBERON:0000955	brain	UBERON	skos:exactMatch	high	semapv:LexicalMatching	ols4_auto	bacdive	2026-05-01
Bronchial-wash	bronchial wash	UBERON:0002185	bronchus	UBERON	skos:closeMatch	medium	semapv:ManualMappingCuration	manual_review	bacdive	2026-05-02
Brown-Algae	brown algae	FOODON:03412395	brown algae	FOODON	skos:exactMatch	high	semapv:LexicalMatching	ols4_auto	bacdive	2026-05-01
Built-environment	built environment	mesh:D000076624	Built Environment	mesh	skos:exactMatch	high	semapv:ManualMappingCuration	kg_review_lit_check	bacdive	2026-05-02
Caecal-content	caecal content	GENEPIO:0100899	caecal content	GENEPIO	skos:exactMatch	high	semapv:LexicalMatching	ols4_search_synonym	bacdive	2026-05-01
Canidae-Dog	canidae dog	NCBITaxon:9608	Canidae	NCBITaxon	skos:closeMatch	medium	semapv:LexicalMatching	ols4_auto	bacdive	2026-05-01
Canker	canker							codex_review_fix_v2	bacdive	2026-05-02
Caprinae-Sheep/Goat	caprinae sheep/goat	FOODON:03411328	goat	FOODON	skos:closeMatch	medium	semapv:LexicalMatching	ols4_search_synonym	bacdive	2026-05-01
Catheter	catheter	NCIT:C50344	Catheter Device	NCIT	skos:closeMatch	high	semapv:ManualMappingCuration	manual_review	bacdive	2026-05-02
Cave-water	cave water							codex_review_fix	bacdive	2026-05-02
Cerebrospinal-fluid	cerebrospinal fluid	UBERON:0001359	cerebrospinal fluid	UBERON	skos:exactMatch	high	semapv:LexicalMatching	ols4_auto	bacdive	2026-05-01
Chicken	chicken	NCBITaxon:9031	Gallus gallus	NCBITaxon	skos:exactMatch	high	semapv:ManualMappingCuration	kg_review_promote	bacdive	2026-05-02
Child	child	PATO:0001190	juvenile	PATO	skos:exactMatch	high	semapv:ManualMappingCuration	family_mismatch_fix	bacdive	2026-05-05
Clean-room	clean room	ENVO:03600000	cleanroom	ENVO	skos:exactMatch	high	semapv:ManualMappingCuration	codex_review_fix	bacdive	2026-05-02
Climate	climate							kg_review_lit_check	bacdive	2026-05-02
Clinic	clinic	ENVO:03501182	clinic	ENVO	skos:exactMatch	high	semapv:LexicalMatching	ols4_auto	bacdive	2026-05-01
Cnidaria-Corals	cnidaria corals	mesh:D037421	Anthozoa	mesh	skos:closeMatch	medium	semapv:LexicalMatching	ols4_search_synonym	bacdive	2026-05-01
Co-culture	co culture							kg_review_lit_check	bacdive	2026-05-02
Coalbed-water	coalbed water							codex_review_fix	bacdive	2026-05-02
Coast	coast	ENVO:01000687	coast	ENVO	skos:exactMatch	high	semapv:LexicalMatching	ols4_auto	bacdive	2026-05-01
Cold	cold	PATO:0001306	decreased temperature	PATO	skos:exactMatch	high	semapv:ManualMappingCuration	family_mismatch_fix	bacdive	2026-05-05
Composting	composting	ENVO:00002170	compost	ENVO	skos:exactMatch	high	semapv:ManualMappingCuration	kg_review_promote	bacdive	2026-05-02
Condition	condition							family_mismatch_fix	bacdive	2026-05-02
Container-Reservoir	container reservoir	ENVO:00000025	reservoir	ENVO	skos:closeMatch	medium	semapv:LexicalMatching	ols4_search_synonym	bacdive	2026-05-01
Contaminant	contaminant							kg_review_lit_check	bacdive	2026-05-02
Contamination	contamination	ENVO:00002204	anthropogenic contamination feature	ENVO	skos:closeMatch	medium	semapv:LexicalMatching	ols4_auto	bacdive	2026-05-01
Cooling-tower	cooling tower	NCIT:C48957	Tower	NCIT	skos:closeMatch	medium	semapv:LexicalMatching	ols4_search_synonym	bacdive	2026-05-01
Coral-reef	coral reef	ENVO:00000150	coral reef	ENVO	skos:exactMatch	high	semapv:LexicalMatching	ols4_auto	bacdive	2026-05-01
Core-sample	core sample	NCIT:C180316	Nucleotide Sequence Sample Name	NCIT	skos:closeMatch	medium	semapv:LexicalMatching	ols4_search_synonym	bacdive	2026-05-01
Cotton-other-fibres	cotton other fibres								bacdive	2026-05-01
Crustacea	crustacea	NCBITaxon:6657	Crustacea	NCBITaxon	skos:exactMatch	high	semapv:LexicalMatching	ols4_auto	bacdive	2026-05-01
Currency	currency	ENVO:00003896	currency note	ENVO	skos:exactMatch	high	semapv:ManualMappingCuration	kg_review_fix	bacdive	2026-05-02
Cystic-fibrosis	cystic fibrosis							codex_review_fix_v2	bacdive	2026-05-02
Dairy-product	dairy product	FOODON:00001256	dairy food product	FOODON	skos:exactMatch	high	semapv:ManualMappingCuration	kg_review_lit_check	bacdive	2026-05-02
Decomposing-algae	decomposing algae	NCBITaxon:2836	Bacillariophyta	NCBITaxon	skos:closeMatch	medium	semapv:LexicalMatching	ols4_search_synonym	bacdive	2026-05-01
Decomposing-animal	decomposing animal	FOODON:00003004	animal	FOODON	skos:closeMatch	medium	semapv:LexicalMatching	ols4_search_synonym	bacdive	2026-05-01
Decomposing-plant	decomposing plant	NCIT:C14258	Plant	NCIT	skos:closeMatch	medium	semapv:LexicalMatching	ols4_search_synonym	bacdive	2026-05-01
Defined-media	defined media							codex_review_fix	bacdive	2026-05-02
Dental-plaque	dental plaque	UBERON:0016482	dental plaque	UBERON	skos:exactMatch	high	semapv:LexicalMatching	ols4_auto	bacdive	2026-05-01
Desert	desert	ENVO:01001357	desert	ENVO	skos:exactMatch	high	semapv:LexicalMatching	ols4_auto	bacdive	2026-05-01
Digestive-fluid	digestive fluid	UBERON:0006911	digestive system secreted substance	UBERON	skos:closeMatch	medium	semapv:LexicalMatching	ols4_search_synonym	bacdive	2026-05-01
Dinoflagellate	dinoflagellate	NCBITaxon:2864	Dinophyceae	NCBITaxon	skos:exactMatch	high	semapv:ManualMappingCuration	kg_review_promote	bacdive	2026-05-02
Disease	disease							codex_review_fix_v2	bacdive	2026-05-02
Domestic-waste	domestic waste	ENVO:00002264	Waste	ENVO	skos:closeMatch	medium	semapv:LexicalMatching	ols4_search_synonym	bacdive	2026-05-01
Dust	dust	ENVO:00002008	dust	ENVO	skos:exactMatch	high	semapv:LexicalMatching	ols4_auto	bacdive	2026-05-01
Dust-Ash	dust ash	ENVO:02000090	ash	ENVO	skos:closeMatch	medium	semapv:LexicalMatching	ols4_search_synonym	bacdive	2026-05-01
Ear	ear	UBERON:0001690	ear	UBERON	skos:exactMatch	high	semapv:LexicalMatching	ols4_auto	bacdive	2026-05-01
Echinodermata	echinodermata	NCBITaxon:7586	Echinodermata	NCBITaxon	skos:exactMatch	high	semapv:LexicalMatching	ols4_auto	bacdive	2026-05-01
Egg	egg	FOODON:00001274	egg food product	FOODON	skos:closeMatch	medium	semapv:LexicalMatching	ols4_auto	bacdive	
Endosphere	endosphere							codex_review_fix	bacdive	2026-05-02
Endosymbiont	endosymbiont							kg_review_lit_check	bacdive	2026-05-02
Engineered	engineered							manual_review	bacdive	2026-05-02
Engineered-product	engineered product							codex_review_fix	bacdive	2026-05-02
Environmental	environmental	ENVO:01000408	environmental zone	ENVO	skos:closeMatch	medium	semapv:LexicalMatching	ols4_auto	bacdive	2026-05-01
Epibiont	epibiont								bacdive	2026-05-01
Equidae-Horse	equidae horse	NCBITaxon:9788	Equidae	NCBITaxon	skos:closeMatch	medium	semapv:LexicalMatching	ols4_auto	bacdive	2026-05-01
Estuary	estuary	ENVO:00000045	estuary	ENVO	skos:exactMatch	high	semapv:LexicalMatching	ols4_auto	bacdive	2026-05-01
Extracellular	extracellular	GO:0005615	extracellular space	GO	skos:exactMatch	high	semapv:ManualMappingCuration	kg_review_promote	bacdive	2026-05-02
Eye	eye	UBERON:0000970	eye	UBERON	skos:exactMatch	high	semapv:LexicalMatching	ols4_auto	bacdive	2026-05-01
Feces-Stool	feces stool	UBERON:0001988	feces	UBERON	skos:closeMatch	medium	semapv:LexicalMatching	ols4_auto	bacdive	2026-05-01
Felidae-Cat	felidae cat	NCBITaxon:9681	Felidae	NCBITaxon	skos:closeMatch	medium	semapv:LexicalMatching	ols4_auto	bacdive	2026-05-01
Female	female	PATO:0000383	female	PATO	skos:exactMatch	high	semapv:ManualMappingCuration	family_mismatch_fix	bacdive	2026-05-05
Fermented	fermented							family_mismatch_fix	bacdive	2026-05-02
Field	field	ENVO:01000352	field	ENVO	skos:exactMatch	high	semapv:LexicalMatching	ols4_auto	bacdive	2026-05-01
Fishes	fishes	NCBITaxon:7898	Actinopterygii	NCBITaxon	skos:exactMatch	high	semapv:ManualMappingCuration	kg_review_promote	bacdive	2026-05-02
Flower	flower	PO:0009046	flower	PO	skos:exactMatch	high	semapv:LexicalMatching	ols4_auto	bacdive	2026-05-01
Fluids	fluids	NCIT:C13452	Other Body Fluids and Secretions	NCIT	skos:closeMatch	medium	semapv:LexicalMatching	ols4_auto	bacdive	2026-05-01
Foam	foam							manual_review	bacdive	2026-05-02
Food	food	CHEBI:33290	food	CHEBI	skos:exactMatch	high	semapv:LexicalMatching	ols4_auto	bacdive	2026-05-01
Food-production	food production							family_mismatch_fix	bacdive	2026-05-02
Foot	foot							family_mismatch_fix	bacdive	2026-05-02
Forest	forest	ENVO:00000111	forested area	ENVO	skos:closeMatch	medium	semapv:LexicalMatching	ols4_auto	bacdive	2026-05-01
Freshwater	freshwater	ENVO:00000873	freshwater biome	ENVO	skos:closeMatch	medium	semapv:LexicalMatching	ols4_auto	bacdive	2026-05-01
Fruit-Seed	fruit seed	FOODON:03420295	fruit seed (anatomical part)	FOODON	skos:closeMatch	medium	semapv:LexicalMatching	ols4_auto	bacdive	2026-05-01
Fungi	fungi	NCBITaxon:4751	Fungi	NCBITaxon	skos:exactMatch	high	semapv:LexicalMatching	ols4_auto	bacdive	2026-05-01
Gall	gall							family_mismatch_fix	bacdive	2026-05-02
Garden	garden	ENVO:00000011	garden	ENVO	skos:exactMatch	high	semapv:LexicalMatching	ols4_auto	bacdive	2026-05-01
Gastrointestinal-tract	gastrointestinal tract	UBERON:0005409	digestive tract	UBERON	skos:exactMatch	high	semapv:ManualMappingCuration	kg_review_promote	bacdive	2026-05-02
Geologic	geologic							manual_review	bacdive	2026-05-02
Gingiva	gingiva	UBERON:0001828	gingiva	UBERON	skos:exactMatch	high	semapv:LexicalMatching	ols4_auto	bacdive	2026-05-01
Glacier	glacier	ENVO:00000133	glacier	ENVO	skos:exactMatch	high	semapv:LexicalMatching	ols4_auto	bacdive	2026-05-01
Grassland	grassland	ENVO:01001206	grassland ecosystem	ENVO	skos:closeMatch	medium	semapv:LexicalMatching	ols4_auto	bacdive	2026-05-01
Green-algae	green algae	FOODON:03412502	green algae	FOODON	skos:exactMatch	high	semapv:LexicalMatching	ols4_auto	bacdive	2026-05-01
Greenhouse	greenhouse	ENVO:03600087	greenhouse	ENVO	skos:exactMatch	high	semapv:LexicalMatching	ols4_auto	bacdive	2026-05-01
Groundwater	groundwater	ENVO:01001004	groundwater	ENVO	skos:exactMatch	high	semapv:LexicalMatching	ols4_auto	bacdive	2026-05-01
Grove-Orchard	grove orchard	ENVO:00000115	orchard	ENVO	skos:closeMatch	medium	semapv:LexicalMatching	ols4_search_synonym	bacdive	2026-05-01
Hand	hand	UBERON:0002398	manus	UBERON	skos:exactMatch	high	semapv:ManualMappingCuration	manual_review	bacdive	2026-05-02
Head	head	UBERON:0000033	head	UBERON	skos:exactMatch	high	semapv:LexicalMatching	ols4_auto	bacdive	2026-05-01
Heart	heart	UBERON:0000948	heart	UBERON	skos:exactMatch	high	semapv:LexicalMatching	ols4_auto	bacdive	2026-05-01
Heart-valve	heart valve	UBERON:0000946	cardiac valve	UBERON	skos:exactMatch	high	semapv:ManualMappingCuration	manual	bacdive	2026-05-02
Heated-Burned	heated burned								bacdive	2026-05-01
Heavy-metal	heavy metal	CHEBI:25555	monoatomic ion	CHEBI	skos:closeMatch	medium	semapv:ManualMappingCuration	codex_review_fix_v2	bacdive	2026-05-02
Herbaceous-plants-Grass,Crops	herbaceous plants grass crops								bacdive	2026-05-01
Host	host							codex_review_fix_v2	bacdive	2026-05-02
Host-Body-Product	host body product	PRIDE:0000686	host body product	PRIDE	skos:exactMatch	high	semapv:LexicalMatching	ols4_search_synonym	bacdive	2026-05-01
Host-Body-Site	host body site	PRIDE:0000685	host body site	PRIDE	skos:exactMatch	high	semapv:LexicalMatching	ols4_search_synonym	bacdive	2026-05-01
Hot	hot	ENVO:01000305	high temperature environment	ENVO	skos:exactMatch	high	semapv:ManualMappingCuration	kg_review_promote	bacdive	2026-05-02
House	house	ENVO:01000417	house	ENVO	skos:exactMatch	high	semapv:LexicalMatching	ols4_auto	bacdive	2026-05-01
Human	human							family_mismatch_fix	bacdive	2026-05-02
Humid	humid	NCIT:C88206	Humidity	NCIT	skos:closeMatch	medium	semapv:ManualMappingCuration	manual_review	bacdive	2026-05-02
Hydrothermal-vent	hydrothermal vent	ENVO:00000215	hydrothermal vent	ENVO	skos:exactMatch	high	semapv:LexicalMatching	ols4_auto	bacdive	2026-05-01
Ice	ice	ENVO:01001125	ice	ENVO	skos:exactMatch	high	semapv:LexicalMatching	ols4_auto	bacdive	2026-05-01
Immunocompromised	immunocompromised							kg_review_lit_check	bacdive	2026-05-02
In-situ	in situ							kg_review_lit_check	bacdive	2026-05-02
Indoor	indoor	ENVO:01000856	indoor environment	ENVO	skos:exactMatch	high	semapv:ManualMappingCuration	kg_review_promote	bacdive	2026-05-02
Indoor-Air	indoor air	ENVO:01000855	indoor air	ENVO	skos:exactMatch	high	semapv:ManualMappingCuration	codex_review_fix	bacdive	2026-05-02
Industrial	industrial							family_mismatch_fix	bacdive	2026-05-02
Industrial-production	industrial production							codex_review_fix	bacdive	2026-05-02
Industrial-waste	industrial waste	ENVO:00002267	industrial waste material	ENVO	skos:exactMatch	high	semapv:ManualMappingCuration	kg_review_lit_check	bacdive	2026-05-02
Industrial-wastewater	industrial wastewater	ENVO:01000964	industrial wastewater	ENVO	skos:exactMatch	high	semapv:LexicalMatching	ols4_auto	bacdive	2026-05-01
Infection	infection							family_mismatch_fix	bacdive	2026-05-02
Inflammation	inflammation	mesh:D007249	Inflammation	mesh	skos:exactMatch	high	semapv:ManualMappingCuration	kg_review_lit_check	bacdive	2026-05-02
Insecta	insecta	NCBITaxon:50557	Insecta	NCBITaxon	skos:exactMatch	high	semapv:LexicalMatching	ols4_auto	bacdive	2026-05-01
Intracellular	intracellular	GO:0005622	intracellular anatomical structure	GO	skos:exactMatch	high	semapv:ManualMappingCuration	kg_review_promote	bacdive	2026-05-02
Invertebrates-Other	invertebrates other	NCIT:C17649	Other	NCIT	skos:closeMatch	medium	semapv:LexicalMatching	ols4_search_synonym	bacdive	2026-05-01
Iron-mat	iron mat	ENVO:01000110	microbial mat	ENVO	skos:exactMatch	high	semapv:ManualMappingCuration	kg_review_promote	bacdive	2026-05-02
Joint	joint	UBERON:0004905	articulation	UBERON	skos:exactMatch	high	semapv:ManualMappingCuration	family_mismatch_fix	bacdive	2026-05-02
Juice-natural	juice natural	NCIT:C85060	Natural	NCIT	skos:closeMatch	medium	semapv:LexicalMatching	ols4_search_synonym	bacdive	2026-05-01
Juvenile	juvenile	PATO:0001190	juvenile	PATO	skos:exactMatch	high	semapv:ManualMappingCuration	family_mismatch_fix	bacdive	2026-05-05
Kidney	kidney	UBERON:0002113	kidney	UBERON	skos:exactMatch	high	semapv:LexicalMatching	ols4_auto	bacdive	2026-05-01
Lab-enrichment	lab enrichment							codex_review_fix	bacdive	2026-05-02
Lab-synthesis	lab synthesis							codex_review_fix	bacdive	2026-05-02
Laboratory	laboratory	ENVO:01001406	laboratory facility	ENVO	skos:closeMatch	medium	semapv:LexicalMatching	ols4_auto	bacdive	2026-05-01
Lake-large	lake large	ENVO:00000020	lake	ENVO	skos:exactMatch	high	semapv:ManualMappingCuration	kg_review_promote	bacdive	2026-05-02
Landfill	landfill	ENVO:00000533	landfill	ENVO	skos:exactMatch	high	semapv:LexicalMatching	ols4_auto	bacdive	2026-05-01
Large-intestine	large intestine	UBERON:0000059	large intestine	UBERON	skos:exactMatch	high	semapv:LexicalMatching	ols4_auto	bacdive	2026-05-01
Leaf-Phyllosphere	leaf phyllosphere							codex_review_fix	bacdive	2026-05-02
Leg	leg	UBERON:0000978	leg	UBERON	skos:exactMatch	high	semapv:LexicalMatching	ols4_auto	bacdive	2026-05-01
Leporidae-Rabbit/Hare	leporidae rabbit/hare	NCBITaxon:9979	Leporidae	NCBITaxon	skos:closeMatch	medium	semapv:LexicalMatching	ols4_auto	bacdive	2026-05-01
Lesion-incl.-Necrosis	lesion incl. necrosis	NCIT:C3824	Lesion	NCIT	skos:exactMatch	high	semapv:ManualMappingCuration	kg_review_promote	bacdive	2026-05-02
Lichen	lichen	FOODON:03412345	lichen	FOODON	skos:exactMatch	high	semapv:LexicalMatching	ols4_auto	bacdive	2026-05-01
Limb	limb	UBERON:0002101	limb	UBERON	skos:exactMatch	high	semapv:LexicalMatching	ols4_auto	bacdive	2026-05-01
Liver	liver	UBERON:0002107	liver	UBERON	skos:exactMatch	high	semapv:LexicalMatching	ols4_auto	bacdive	2026-05-01
Livestock-Husbandry	livestock husbandry								bacdive	2026-05-01
Lung	lung	UBERON:0002048	lung	UBERON	skos:exactMatch	high	semapv:LexicalMatching	ols4_auto	bacdive	2026-05-01
Lymph-node	lymph node	UBERON:0000029	lymph node	UBERON	skos:exactMatch	high	semapv:ManualMappingCuration	kg_review_lit_check	bacdive	2026-05-02
Machines-and-devices	machines and devices							family_mismatch_fix	bacdive	2026-05-02
Male	male	PATO:0000384	male	PATO	skos:exactMatch	high	semapv:ManualMappingCuration	family_mismatch_fix	bacdive	2026-05-05
Mammals	mammals	NCBITaxon:40674	Mammalia	NCBITaxon	skos:exactMatch	high	semapv:ManualMappingCuration	family_mismatch_fix	bacdive	2026-05-02
Mammary-gland	mammary gland	UBERON:0001911	mammary gland	UBERON	skos:exactMatch	high	semapv:LexicalMatching	ols4_auto	bacdive	2026-05-01
Mangrove	mangrove	ENVO:01000181	mangrove biome	ENVO	skos:exactMatch	high	semapv:ManualMappingCuration	family_mismatch_fix	bacdive	2026-05-02
Marine	marine	ENVO:00001999	marine water body	ENVO	skos:closeMatch	medium	semapv:LexicalMatching	ols4_auto	bacdive	2026-05-01
Meadow	meadow	ENVO:00000108	meadow ecosystem	ENVO	skos:closeMatch	medium	semapv:LexicalMatching	ols4_auto	bacdive	2026-05-01
Meat	meat	FOODON:00001027	meat food product	FOODON	skos:exactMatch	high	semapv:ManualMappingCuration	kg_review_promote	bacdive	2026-05-02
Medical-device	medical device							family_mismatch_fix	bacdive	2026-05-02
Medical-environment	medical environment							manual_review	bacdive	2026-05-02
Medical-practice	medical practice							codex_review_fix	bacdive	2026-05-02
Medical-product	medical product							family_mismatch_fix	bacdive	2026-05-02
Meningitis	meningitis							codex_review_fix_v2	bacdive	2026-05-02
Microbial	microbial							family_mismatch_fix	bacdive	2026-05-02
Microbial-community	microbial community	PCO:1000004	microbial community	PCO	skos:exactMatch	high	semapv:LexicalMatching	ols4_auto	bacdive	2026-05-01
Microbial-mat	microbial mat	ENVO:01000008	microbial mat	ENVO	skos:exactMatch	high	semapv:LexicalMatching	ols4_auto	bacdive	2026-05-01
Milk	milk	UBERON:0001913	milk	UBERON	skos:exactMatch	high	semapv:LexicalMatching	ols4_auto	bacdive	2026-05-01
Mine	mine	ENVO:00000076	mine	ENVO	skos:exactMatch	high	semapv:LexicalMatching	ols4_auto	bacdive	2026-05-01
Mollusca	mollusca	NCBITaxon:6447	Mollusca	NCBITaxon	skos:exactMatch	high	semapv:LexicalMatching	ols4_auto	bacdive	2026-05-01
Moss	moss	ENVO:01000890	area of moss-dominated vegetation	ENVO	skos:closeMatch	medium	semapv:LexicalMatching	ols4_auto	bacdive	2026-05-01
Mouth	mouth	UBERON:0000165	mouth	UBERON	skos:exactMatch	high	semapv:LexicalMatching	ols4_auto	bacdive	2026-05-01
Mucus	mucus	UBERON:0000912	mucus	UBERON	skos:exactMatch	high	semapv:LexicalMatching	ols4_auto	bacdive	2026-05-01
Mud-Sludge	mud sludge	ENVO:00002044	sludge	ENVO	skos:closeMatch	medium	semapv:LexicalMatching	ols4_search_synonym	bacdive	2026-05-01
Muridae-Mouse/Rat	muridae mouse/rat	NCBITaxon:10114	Rattus	NCBITaxon	skos:closeMatch	medium	semapv:LexicalMatching	ols4_search_synonym	bacdive	2026-05-01
Mushroom	mushroom	FOODON:03411260	mushroom	FOODON	skos:exactMatch	high	semapv:ManualMappingCuration	family_mismatch_fix	bacdive	2026-05-02
Mycorrhiza	mycorrhiza	FAO:0001027	mycorrhiza	FAO	skos:exactMatch	high	semapv:LexicalMatching	ols4_auto	bacdive	2026-05-01
Mycosis	mycosis							codex_review_fix_v2	bacdive	2026-05-02
Nectar	nectar	CHEBI:50292	nectar	CHEBI	skos:exactMatch	high	semapv:ManualMappingCuration	family_mismatch_fix	bacdive	2026-05-02
Nematoda	nematoda	NCBITaxon:6231	Nematoda	NCBITaxon	skos:exactMatch	high	semapv:LexicalMatching	ols4_auto	bacdive	2026-05-01
Nephridium	nephridium	UBERON:0006972	nephridium	UBERON	skos:exactMatch	high	semapv:LexicalMatching	ols4_auto	bacdive	2026-05-01
Non-marine-Saline-and-Alkaline	non marine saline and alkaline	PATO:0001430	alkaline	PATO	skos:closeMatch	medium	semapv:ManualMappingCuration	family_mismatch_fix	bacdive	2026-05-05
Nose	nose	UBERON:0000004	nose	UBERON	skos:exactMatch	high	semapv:LexicalMatching	ols4_auto	bacdive	2026-05-01
Oil-Food	oil food	FOODON:00001087	vegetable oil food product	FOODON	skos:closeMatch	medium	semapv:LexicalMatching	ols4_auto	bacdive	2026-05-01
Oil-Fuel	oil fuel	CHEBI:33292	fuel	CHEBI	skos:closeMatch	medium	semapv:LexicalMatching	ols4_search_synonym	bacdive	2026-05-01
Oil-reservoir	oil reservoir	ENVO:00002185	oil reservoir	ENVO	skos:exactMatch	high	semapv:LexicalMatching	ols4_auto	bacdive	2026-05-01
Oral-cavity-and-airways	oral cavity and airways	UBERON:0001005	respiratory airway	UBERON	skos:closeMatch	medium	semapv:LexicalMatching	ols4_search_synonym	bacdive	2026-05-01
Organ	organ	UBERON:0000062	organ	UBERON	skos:exactMatch	high	semapv:LexicalMatching	ols4_auto	bacdive	2026-05-01
Other	other							manual	bacdive	2026-05-01
Outdoor-Air	outdoor air	ENVO:01000829	outdoor air	ENVO	skos:exactMatch	high	semapv:ManualMappingCuration	codex_review_fix	bacdive	2026-05-02
Ovary	ovary	UBERON:0000992	ovary	UBERON	skos:exactMatch	high	semapv:LexicalMatching	ols4_auto	bacdive	2026-05-01
Paddy-Ricefield	paddy ricefield								bacdive	2026-05-01
Painting	painting							family_mismatch_fix	bacdive	2026-05-02
Parasite	parasite	NCIT:C28176	Parasite	NCIT	skos:exactMatch	high	semapv:LexicalMatching	ols4_auto	bacdive	2026-05-01
Patient	patient							family_mismatch_fix	bacdive	2026-05-02
Peat-moss	peat moss	mesh:D044003	Sphagnopsida	mesh	skos:exactMatch	high	semapv:ManualMappingCuration	kg_review_promote	bacdive	2026-05-02
Periodontal-pocket	periodontal pocket	mesh:D010520	Periodontal Pocket	mesh	skos:exactMatch	high	semapv:ManualMappingCuration	kg_review_lit_check	bacdive	2026-05-02
Permafrost	permafrost	ENVO:00000134	permafrost	ENVO	skos:exactMatch	high	semapv:LexicalMatching	ols4_auto	bacdive	2026-05-01
Pesticide	pesticide	CHEBI:25944	pesticide	CHEBI	skos:exactMatch	high	semapv:LexicalMatching	ols4_auto	bacdive	2026-05-01
Phlegm	phlegm	UBERON:0016552	phlegm	UBERON	skos:exactMatch	high	semapv:LexicalMatching	ols4_auto	bacdive	2026-05-01
Phylloplane	phylloplane	PO:0006016	leaf epidermis	PO	skos:exactMatch	high	semapv:ManualMappingCuration	kg_review_promote	bacdive	2026-05-02
Plant	plant	NCBITaxon:33090	Viridiplantae	NCBITaxon	skos:exactMatch	high	semapv:ManualMappingCuration	kg_review_promote	bacdive	2026-05-02
Plant-Factory	plant factory	ENVO:01000536	factory	ENVO	skos:closeMatch	medium	semapv:LexicalMatching	ols4_auto	bacdive	2026-05-01
Plant-exudate-Resin	plant exudate resin	ENVO:03510018	resin	ENVO	skos:closeMatch	medium	semapv:LexicalMatching	ols4_search_synonym	bacdive	2026-05-01
Plant-infections	plant infections							manual_review	bacdive	2026-05-02
Plant-litter-Forest	plant litter forest	ENVO:01000628	plant litter	ENVO	skos:exactMatch	high	semapv:ManualMappingCuration	kg_review_promote	bacdive	2026-05-02
Plant-sap-Flux	plant sap flux	PO:0025538	plant sap	PO	skos:exactMatch	high	semapv:ManualMappingCuration	kg_review_promote	bacdive	2026-05-02
Plantation	plantation	ENVO:00000117	plantation	ENVO	skos:exactMatch	high	semapv:LexicalMatching	ols4_auto	bacdive	2026-05-01
Plants	plants	NCBITaxon:33090	Viridiplantae	NCBITaxon	skos:exactMatch	high	semapv:ManualMappingCuration	kg_review_promote	bacdive	2026-05-02
Plaque	plaque	UBERON:0016482	dental plaque	UBERON	skos:closeMatch	medium	semapv:LexicalMatching	ols4_auto	bacdive	2026-05-01
Pleural-fluid	pleural fluid	UBERON:0001087	pleural fluid	UBERON	skos:exactMatch	high	semapv:LexicalMatching	ols4_auto	bacdive	2026-05-01
Polar	polar	ENVO:01000238	polar	ENVO	skos:exactMatch	high	semapv:LexicalMatching	ols4_auto	bacdive	2026-05-01
Pond-small	pond small	ENVO:00000033	pond	ENVO	skos:exactMatch	high	semapv:ManualMappingCuration	kg_review_promote	bacdive	2026-05-02
Porifera-Sponges	porifera sponges	NCBITaxon:6040	Porifera	NCBITaxon	skos:closeMatch	medium	semapv:LexicalMatching	ols4_auto	bacdive	2026-05-01
Post-mortem	post mortem								bacdive	2026-05-01
Preserved	preserved	FOODON:00002158	food (preserved)	FOODON	skos:closeMatch	medium	semapv:LexicalMatching	ols4_auto	bacdive	2026-05-01
Primates	primates	NCBITaxon:9443	Primates	NCBITaxon	skos:exactMatch	high	semapv:LexicalMatching	ols4_auto	bacdive	2026-05-01
Protist	protist	NCIT:C77914	Protista	NCIT	skos:closeMatch	medium	semapv:LexicalMatching	ols4_auto	bacdive	2026-05-01
Protozoa	protozoa	NCIT:C77916	Protozoa	NCIT	skos:exactMatch	high	semapv:LexicalMatching	ols4_auto	bacdive	2026-05-01
Psychrophilic-<10°C	psychrophilic <10°c	ENVO:01000309	cold environment	ENVO	skos:exactMatch	high	semapv:ManualMappingCuration	family_mismatch_fix	bacdive	2026-05-05
Rectum	rectum	UBERON:0001052	rectum	UBERON	skos:exactMatch	high	semapv:LexicalMatching	ols4_auto	bacdive	2026-05-01
Red-algae	red algae	FOODON:03411743	red algae	FOODON	skos:exactMatch	high	semapv:LexicalMatching	ols4_auto	bacdive	2026-05-01
Reptilia	reptilia	NCBITaxon:8504	Lepidosauria	NCBITaxon	skos:exactMatch	high	semapv:ManualMappingCuration	kg_review_promote	bacdive	2026-05-02
Rhizoplane	rhizoplane	ENVO:01001181	rhizoplane	ENVO	skos:exactMatch	high	semapv:LexicalMatching	ols4_auto	bacdive	2026-05-01
Rhizosphere	rhizosphere	ENVO:00005801	rhizosphere	ENVO	skos:exactMatch	high	semapv:LexicalMatching	ols4_auto	bacdive	2026-05-01
River-Creek	river creek	NCIT:C43963	Creek	NCIT	skos:closeMatch	medium	semapv:LexicalMatching	ols4_search_synonym	bacdive	2026-05-01
Rodentia-Other	rodentia other	NCIT:C17649	Other	NCIT	skos:closeMatch	medium	semapv:LexicalMatching	ols4_search_synonym	bacdive	2026-05-01
Root-Rhizome	root rhizome	PO:0004542	rhizome	PO	skos:closeMatch	medium	semapv:LexicalMatching	ols4_auto	bacdive	2026-05-01
Root-Tooth	root tooth	NCIT:C33446	Root	NCIT	skos:closeMatch	medium	semapv:LexicalMatching	ols4_auto	bacdive	2026-05-01
Root-nodule	root nodule	ENVO:01000164	root nodule	ENVO	skos:exactMatch	high	semapv:LexicalMatching	ols4_auto	bacdive	2026-05-01
Rot-Root,Stem	rot root stem	PO:0009047	stem	PO	skos:closeMatch	medium	semapv:LexicalMatching	ols4_search_synonym	bacdive	2026-05-01
Rumen	rumen	UBERON:0007365	rumen	UBERON	skos:exactMatch	high	semapv:LexicalMatching	ols4_auto	bacdive	2026-05-01
Rumen-fluid	rumen fluid	ENVO:02000140	fluid environmental material	ENVO	skos:closeMatch	medium	semapv:LexicalMatching	ols4_search_synonym	bacdive	2026-05-01
Saline	saline	ENVO:01001319	saline water body	ENVO	skos:closeMatch	medium	semapv:LexicalMatching	ols4_auto	bacdive	2026-05-01
Saliva	saliva	UBERON:0001836	saliva	UBERON	skos:exactMatch	high	semapv:LexicalMatching	ols4_auto	bacdive	2026-05-01
Salmonidae	salmonidae	NCBITaxon:8015	Salmonidae	NCBITaxon	skos:exactMatch	high	semapv:LexicalMatching	ols4_auto	bacdive	2026-05-01
Salt-marsh	salt marsh	ENVO:01000022	marine salt marsh biome	ENVO	skos:closeMatch	medium	semapv:LexicalMatching	ols4_auto	bacdive	2026-05-01
Sandy	sandy	ENVO:00000172	sandy desert	ENVO	skos:closeMatch	medium	semapv:LexicalMatching	ols4_auto	bacdive	2026-05-01
Seafood	seafood	FOODON:03400803	seafood product (eurofir)	FOODON	skos:closeMatch	medium	semapv:LexicalMatching	ols4_auto	bacdive	2026-05-01
Sediment	sediment	ENVO:00002007	sediment	ENVO	skos:exactMatch	high	semapv:LexicalMatching	ols4_auto	bacdive	2026-05-01
Semen	semen	UBERON:0001968	semen	UBERON	skos:exactMatch	high	semapv:LexicalMatching	ols4_auto	bacdive	2026-05-01
Semiarid	semiarid	FOODON:03520493	semiarid climatic zone	FOODON	skos:closeMatch	medium	semapv:LexicalMatching	ols4_auto	bacdive	2026-05-01
Sewage-sludge	sewage sludge	ENVO:00002044	sludge	ENVO	skos:closeMatch	medium	semapv:LexicalMatching	ols4_search_synonym	bacdive	2026-05-01
Shrub-Scrub	shrub scrub	ENVO:00000300	scrubland area	ENVO	skos:closeMatch	medium	semapv:LexicalMatching	ols4_search_synonym	bacdive	2026-05-01
Simulated-communities	simulated communities								bacdive	2026-05-01
Skin,-Nail,-Hair	skin nail hair	UBERON:0001003	skin epidermis	UBERON	skos:closeMatch	medium	semapv:LexicalMatching	ols4_search_synonym	bacdive	2026-05-01
Small-intestine	small intestine	UBERON:0002108	small intestine	UBERON	skos:exactMatch	high	semapv:LexicalMatching	ols4_auto	bacdive	2026-05-01
Soil	soil	ENVO:00001998	soil	ENVO	skos:exactMatch	high	semapv:LexicalMatching	ols4_auto	bacdive	2026-05-01
Solid-animal-waste	solid animal waste	ENVO:00002264	Waste	ENVO	skos:closeMatch	medium	semapv:LexicalMatching	ols4_search_synonym	bacdive	2026-05-01
Solid-plant-waste	solid plant waste	ENVO:00002264	Waste	ENVO	skos:closeMatch	medium	semapv:LexicalMatching	ols4_search_synonym	bacdive	2026-05-01
Solid-waste	solid waste	mesh:D062611	Solid Waste	mesh	skos:exactMatch	high	semapv:LexicalMatching	ols4_search_synonym	bacdive	2026-05-01
Specimen	specimen							codex_review_fix	bacdive	2026-05-02
Spinal-Cord	spinal cord	UBERON:0002240	spinal cord	UBERON	skos:exactMatch	high	semapv:LexicalMatching	ols4_auto	bacdive	2026-05-01
Spleen	spleen	UBERON:0002106	spleen	UBERON	skos:exactMatch	high	semapv:LexicalMatching	ols4_auto	bacdive	2026-05-01
Spoiled	spoiled	FOODON:00003366	food (spoiled)	FOODON	skos:closeMatch	medium	semapv:LexicalMatching	ols4_auto	bacdive	2026-05-01
Spot-Leaf,Stem	spot leaf stem	PO:0009047	stem	PO	skos:closeMatch	medium	semapv:LexicalMatching	ols4_search_synonym	bacdive	2026-05-01
Spring	spring	ENVO:00000027	spring	ENVO	skos:exactMatch	high	semapv:LexicalMatching	ols4_auto	bacdive	2026-05-01
Sputum	sputum	UBERON:0007311	sputum	UBERON	skos:exactMatch	high	semapv:LexicalMatching	ols4_auto	bacdive	2026-05-01
Starter-culture	starter culture	FOODON:03544454	44540 - starter cultures (efsa foodex2)	FOODON	skos:closeMatch	medium	semapv:LexicalMatching	ols4_auto	bacdive	2026-05-01
Stem-Branch	stem branch	PO:0009047	stem	PO	skos:exactMatch	high	semapv:ManualMappingCuration	kg_review_promote	bacdive	2026-05-02
Sterilized-Desinfected	sterilized desinfected								bacdive	2026-05-01
Sterilized-plant-part	sterilized plant part	NCIT:C45313	Part	NCIT	skos:closeMatch	medium	semapv:LexicalMatching	ols4_search_synonym	bacdive	2026-05-01
Stomach	stomach	UBERON:0000945	stomach	UBERON	skos:exactMatch	high	semapv:LexicalMatching	ols4_auto	bacdive	2026-05-01
Straw	straw	ENVO:00003869	straw	ENVO	skos:exactMatch	high	semapv:LexicalMatching	ols4_auto	bacdive	2026-05-01
Subarctic	subarctic	FOODON:03520502	subarctic climatic zone	FOODON	skos:closeMatch	medium	semapv:LexicalMatching	ols4_auto	bacdive	2026-05-01
Subgingival-plaque	subgingival plaque	UBERON:0016484	subgingival dental plaque	UBERON	skos:closeMatch	medium	semapv:LexicalMatching	ols4_search_synonym	bacdive	2026-05-01
Subtropical	subtropical	ENVO:01000205	subtropical	ENVO	skos:exactMatch	high	semapv:LexicalMatching	ols4_auto	bacdive	2026-05-01
Sugary-food	sugary food	SNOMED:227594001	Sugary food	SNOMED	skos:exactMatch	high	semapv:LexicalMatching	ols4_search_synonym	bacdive	2026-05-01
Suidae-Pig,Swine	suidae pig swine	NCBITaxon:9823	Sus scrofa	NCBITaxon	skos:closeMatch	medium	semapv:LexicalMatching	ols4_search_synonym	bacdive	2026-05-01
Sulfuric	sulfuric							manual_review	bacdive	2026-05-02
Surface-swab	surface swab							family_mismatch_fix	bacdive	2026-05-02
Surface-water	surface water	ENVO:00002042	surface water	ENVO	skos:exactMatch	high	semapv:LexicalMatching	ols4_auto	bacdive	2026-05-01
Swab	swab							family_mismatch_fix	bacdive	2026-05-02
Synovial-fluid	synovial fluid	UBERON:0001090	synovial fluid	UBERON	skos:exactMatch	high	semapv:LexicalMatching	ols4_auto	bacdive	2026-05-01
Temperate	temperate	ENVO:01000206	temperate	ENVO	skos:exactMatch	high	semapv:LexicalMatching	ols4_auto	bacdive	2026-05-01
Terrestrial	terrestrial	ENVO:00000446	terrestrial biome	ENVO	skos:closeMatch	medium	semapv:LexicalMatching	ols4_auto	bacdive	2026-05-01
Thermal-spring	thermal spring	ENVO:00000051	hot spring	ENVO	skos:exactMatch	high	semapv:ManualMappingCuration	kg_review_promote	bacdive	2026-05-02
Thermophilic->45°C	thermophilic >45°c	ENVO:01000305	high temperature environment	ENVO	skos:exactMatch	high	semapv:ManualMappingCuration	family_mismatch_fix	bacdive	2026-05-05
Thoracic-segment	thoracic segment	UBERON:0000915	thoracic segment of trunk	UBERON	skos:exactMatch	high	semapv:ManualMappingCuration	family_mismatch_fix	bacdive	2026-05-02
Throat	throat	UBERON:0000341	throat	UBERON	skos:exactMatch	high	semapv:LexicalMatching	ols4_auto	bacdive	2026-05-01
Tick	tick	NCBITaxon:6939	Ixodida	NCBITaxon	skos:exactMatch	high	semapv:ManualMappingCuration	kg_review_promote	bacdive	2026-05-02
Tidal-flat	tidal flat	ENVO:00000241	tidal mudflat	ENVO	skos:closeMatch	medium	semapv:LexicalMatching	ols4_search_synonym	bacdive	2026-05-01
Timber	timber								bacdive	2026-05-01
Tooth	tooth	UBERON:0001091	calcareous tooth	UBERON	skos:exactMatch	high	semapv:ManualMappingCuration	kg_review_promote	bacdive	2026-05-02
Torso	torso	UBERON:0002100	trunk	UBERON	skos:closeMatch	medium	semapv:LexicalMatching	ols4_search_synonym	bacdive	2026-05-01
Trachea	trachea	UBERON:0003126	trachea	UBERON	skos:exactMatch	high	semapv:LexicalMatching	ols4_auto	bacdive	2026-05-01
Tracheal-aspirate	tracheal aspirate	NCIT:C171504	Endotracheal Fluid	NCIT	skos:closeMatch	medium	semapv:LexicalMatching	ols4_search_synonym	bacdive	2026-05-01
Transportation-ways-Roads	transportation ways roads								bacdive	2026-05-01
Treatment	treatment							kg_review_lit_check	bacdive	2026-05-02
Tree	tree							codex_review_fix	bacdive	2026-05-02
Tropical	tropical	ENVO:01000204	tropical	ENVO	skos:exactMatch	high	semapv:LexicalMatching	ols4_auto	bacdive	2026-05-01
Tuberculosis	tuberculosis							codex_review_fix_v2	bacdive	2026-05-02
Tundra	tundra	ENVO:00000112	tundra	ENVO	skos:exactMatch	high	semapv:ManualMappingCuration	codex_review_fix	bacdive	2026-05-02
Tunicata	tunicata	NCBITaxon:7712	Tunicata	NCBITaxon	skos:exactMatch	high	semapv:LexicalMatching	ols4_auto	bacdive	2026-05-01
Urethra	urethra	UBERON:0000057	urethra	UBERON	skos:exactMatch	high	semapv:ManualMappingCuration	manual_review	bacdive	2026-05-02
Urine	urine	UBERON:0001088	urine	UBERON	skos:exactMatch	high	semapv:LexicalMatching	ols4_auto	bacdive	2026-05-01
Urogenital-tract	urogenital tract	UBERON:0004122	genitourinary system	UBERON	skos:exactMatch	high	semapv:ManualMappingCuration	kg_review_promote	bacdive	2026-05-02
Vagina	vagina	UBERON:0000996	vagina	UBERON	skos:exactMatch	high	semapv:LexicalMatching	ols4_auto	bacdive	2026-05-01
Vaginal-secretion	vaginal secretion	UBERON:0036243	vaginal fluid	UBERON	skos:closeMatch	medium	semapv:LexicalMatching	ols4_search_synonym	bacdive	2026-05-01
Vascular-system	vascular system	UBERON:0007798	vascular system	UBERON	skos:exactMatch	high	semapv:LexicalMatching	ols4_auto	bacdive	2026-05-01
Vegetable-incl.-Grains	vegetable incl. grains								bacdive	2026-05-01
Vineyard	vineyard	ENVO:00000116	vineyard	ENVO	skos:exactMatch	high	semapv:LexicalMatching	ols4_auto	bacdive	2026-05-01
Viriome	viriome	mesh:D000083422	Virome	mesh	skos:exactMatch	high	semapv:ManualMappingCuration	kg_review_promote	bacdive	2026-05-02
Volcanic	volcanic	ENVO:00000094	volcanic feature	ENVO	skos:exactMatch	high	semapv:ManualMappingCuration	kg_review_promote	bacdive	2026-05-02
Vomit	vomit	UBERON:0000172	vomit	UBERON	skos:exactMatch	high	semapv:LexicalMatching	ols4_auto	bacdive	2026-05-01
Waste	waste							codex_review_fix	bacdive	2026-05-02
Waste-gas	waste gas	ENVO:01001155	astrogeological gas	ENVO	skos:closeMatch	medium	semapv:LexicalMatching	ols4_search_synonym	bacdive	2026-05-01
Wastewater	wastewater	ENVO:00002001	waste water	ENVO	skos:exactMatch	high	semapv:ManualMappingCuration	codex_review_fix	bacdive	2026-05-02
Water-reservoir-Aquarium/pool	water reservoir aquarium/pool	ENVO:00000025	reservoir	ENVO	skos:exactMatch	high	semapv:ManualMappingCuration	kg_review_promote	bacdive	2026-05-02
Water-treatment-plant	water treatment plant	ENVO:03600004	drinking water treatment plant	ENVO	skos:closeMatch	medium	semapv:LexicalMatching	ols4_auto	bacdive	2026-05-01
Wetland-Swamp	wetland swamp	ENVO:00000233	swamp ecosystem	ENVO	skos:closeMatch	medium	semapv:LexicalMatching	ols4_search_synonym	bacdive	2026-05-01
Wilt	wilt							manual_review	bacdive	2026-05-02
Wound	wound	mesh:D014947	Wounds and Injuries	mesh	skos:exactMatch	high	semapv:ManualMappingCuration	kg_review_promote	bacdive	2026-05-02
Wound-fluid	wound fluid	BTO:0003114	wound fluid	BTO	skos:exactMatch	high	semapv:LexicalMatching	ols4_search_synonym	bacdive	2026-05-01
Xerophilic	xerophilic								bacdive	2026-05-01
Xerophytic	xerophytic								bacdive	2026-05-01
Yeast	yeast	FOODON:03411345	yeast	FOODON	skos:exactMatch	high	semapv:LexicalMatching	ols4_auto	bacdive	2026-05-01
Zebrafish	zebrafish	NCBITaxon:7955	Danio rerio	NCBITaxon	skos:exactMatch	high	semapv:ManualMappingCuration	kg_review_lit_check	bacdive	2026-05-02
Zooplankton	zooplankton	mesh:D015048	Zooplankton	mesh	skos:exactMatch	high	semapv:LexicalMatching	ols4_search_synonym	bacdive	2026-05-01
food_fermented	food fermented								bacdive	2026-05-01
host_animal_ectotherm	host animal ectotherm								bacdive	2026-05-01
host_animal_endotherm	host animal endotherm								bacdive	2026-05-01
host_animal_endotherm_intratissue	host animal endotherm intratissue								bacdive	2026-05-01
host_animal_endotherm_rumen	host animal endotherm rumen	UBERON:0007365	rumen	UBERON	skos:closeMatch	medium	semapv:LexicalMatching	ols4_search_synonym	bacdive	2026-05-01
