madin_id	taxon_id	taxon_label	corroborated_by
CHEBI:24632	NCBITaxon:1045855	Pseudoxanthomonas spadix BD-a59	
CHEBI:24632	NCBITaxon:1074493	Sphingobium yanoikuyae XLDN2-5	
CHEBI:24632	NCBITaxon:1096243	Idiomarina piscisalsi	
CHEBI:24632	NCBITaxon:1114960	Rhodococcus pyridinivorans AK37	
CHEBI:24632	NCBITaxon:1120977	Alkanindiges illinoisensis DSM 15370	
CHEBI:24632	NCBITaxon:1123258	Smaragdicoccus niigatensis DSM 44881	
CHEBI:24632	NCBITaxon:1129896	Rhodococcus opacus M213	
CHEBI:24632	NCBITaxon:1193501	Pseudomonas aeruginosa SJTD-1	
CHEBI:24632	NCBITaxon:1194669	Pseudomonas aeruginosa N002	
CHEBI:24632	NCBITaxon:1215103	Pseudomonas indica NBRC 103045	
CHEBI:24632	NCBITaxon:1223527	Microbacterium hydrocarbonoxydans NBRC 103074	
CHEBI:24632	NCBITaxon:1286170	Raoultella ornithinolytica B6	
CHEBI:24632	NCBITaxon:129338	geobacillus_subterraneus	
CHEBI:24632	NCBITaxon:1308924	agromyces_bauzanensis	
CHEBI:24632	NCBITaxon:1316928	Gordonia terrae C-6	
CHEBI:24632	NCBITaxon:1326758	Morganella sp. GLFB	
CHEBI:24632	NCBITaxon:1326759	Serratia sp. GLFA	
CHEBI:24632	NCBITaxon:134962	nocardia_soli	
CHEBI:24632	NCBITaxon:1380771	Smithella sp. ME-1	
CHEBI:24632	NCBITaxon:1404341	sphingobium_scionense	
CHEBI:24632	NCBITaxon:1408	Bacillus pumilus	
CHEBI:24632	NCBITaxon:1408207	Pseudomonas aeruginosa PK6	
CHEBI:24632	NCBITaxon:1423	Bacillus subtilis	
CHEBI:24632	NCBITaxon:1545728	Mycobacterium sp. EPa45	
CHEBI:24632	NCBITaxon:1652545	Arthrobacter sp. YC-RL1	
CHEBI:33290	NCBITaxon:1046593	Leuconostoc carnosum KCTC 3525	BACDIVE
CHEBI:33290	NCBITaxon:1367848	Cronobacter sakazakii NCIMB 8272	BACDIVE
CHEBI:33290	NCBITaxon:1402	bacillus_licheniformis	BACDIVE
CHEBI:33290	NCBITaxon:164393	Lactobacillus fuchuensis	BACDIVE
CHEBI:33290	NCBITaxon:214326	Lactobacillus sakei subsp. sakei	BACDIVE
CHEBI:33290	NCBITaxon:2751	Carnobacterium maltaromaticum	BACDIVE
CHEBI:33290	NCBITaxon:373672	chryseobacterium_gambrini	BACDIVE
CHEBI:33290	NCBITaxon:569	enterobacter_hafniae	BACDIVE
CHEBI:33290	NCBITaxon:685706	yersinia_nurmii	BACDIVE
CHEBI:33290	NCBITaxon:86185	Pseudomonas lundensis	BACDIVE
CHEBI:33290	NCBITaxon:94868	clostridium_algidixylanolyticum	BACDIVE
CHEBI:33290	NCBITaxon:1001582	Bacillus amyloliquefaciens LL3	
CHEBI:33290	NCBITaxon:1002526	Pseudomonas formosensis	
CHEBI:33290	NCBITaxon:1002795	pectinatus_sottacetonis	
CHEBI:33290	NCBITaxon:1003188	Salmonella enterica enterica sv. Agona SA-4	
CHEBI:33290	NCBITaxon:1003191	Salmonella enterica subsp. enterica serovar Tennessee str. TXSC_TXSC08-19	
CHEBI:33290	NCBITaxon:1003192	Salmonella enterica enterica sv. Tennessee TXSC_TXSC08-21	
CHEBI:33290	NCBITaxon:100468	Lactobacillus perolens	
CHEBI:33290	NCBITaxon:1004836	Gluconacetobacter sp. SXCC-1	
CHEBI:33290	NCBITaxon:1005403	Escherichia coli 93.0055	
CHEBI:33290	NCBITaxon:1005404	Escherichia coli 93.0056	
CHEBI:33290	NCBITaxon:1005405	Escherichia coli 94.0618	
CHEBI:33290	NCBITaxon:1005462	Escherichia coli 8.0566	
CHEBI:33290	NCBITaxon:1005463	Escherichia coli 8.0416	
CHEBI:33290	NCBITaxon:1005464	Escherichia coli 8.0569	
ENVO:00000035	NCBITaxon:402880	Methanococcus maripaludis C5	PREGO
ENVO:00000035	NCBITaxon:1094980	Methanolobus psychrophilus R15	
ENVO:00000035	NCBITaxon:1123242	Schlesneria paludicola DSM 18645	
ENVO:00000035	NCBITaxon:1609977	Sphingomonas hengshuiensis	
ENVO:00000035	NCBITaxon:225345	clostridium_chromiireducens	
ENVO:00000035	NCBITaxon:339861	Clostridium aciditolerans	
ENVO:00000035	NCBITaxon:358766	methanoregula_boonei	
ENVO:00000035	NCBITaxon:425006	cohnella_yongneupensis	
ENVO:00000035	NCBITaxon:466153	Singulisphaera acidiphila	
ENVO:00000051	NCBITaxon:1003	flexibacter_ruber	PREGO
ENVO:00000051	NCBITaxon:1004304	hydrotalea_sandarakina	PREGO
ENVO:00000051	NCBITaxon:1056495	Caldisphaera lagunensis DSM 15908	PREGO
ENVO:00000051	NCBITaxon:1120989	Anaerobranca californiensis DSM 14826	PREGO
ENVO:00000051	NCBITaxon:1121256	Caldanaerobius fijiensis DSM 17918	PREGO
ENVO:00000051	NCBITaxon:1121259	Caldicellulosiruptor acetigenus DSM 7040	PREGO
ENVO:00000051	NCBITaxon:1121270	Carboxydocella sporoproducens DSM 16521	PREGO
ENVO:00000051	NCBITaxon:1121383	Deinococcus murrayi DSM 11303	PREGO
ENVO:00000051	NCBITaxon:1121412	Desulfomicrobium thermophilum DSM 16697	PREGO
ENVO:00000051	NCBITaxon:1121428	Desulfotomaculum hydrothermale Lam5	PREGO
ENVO:00000051	NCBITaxon:1121861	Elioraea tepidiphila DSM 17972	PREGO
ENVO:00000051	NCBITaxon:1121881	Ferrithrix thermotolerans DSM 19514	PREGO
ENVO:00000051	NCBITaxon:1121902	Eisenibacter elegans DSM 3317	PREGO
ENVO:00000051	NCBITaxon:1121903	Hugenholtzia roseola DSM 9546	PREGO
ENVO:00000051	NCBITaxon:1122221	Meiothermus cerbereus DSM 11376	PREGO
ENVO:00000051	NCBITaxon:1122222	Meiothermus taiwanensis DSM 14542	PREGO
ENVO:00000051	NCBITaxon:1122970	Porphyrobacter cryptus DSM 12079	PREGO
ENVO:00000051	NCBITaxon:1123031	Pseudoxanthomonas taiwanensis DSM 22914	PREGO
ENVO:00000051	NCBITaxon:1123072	Rubritepida flocculans DSM 14296	PREGO
ENVO:00000051	NCBITaxon:1123253	Silanimonas lenta DSM 16282	PREGO
ENVO:00000051	NCBITaxon:1123368	Thermithiobacillus tepidarius DSM 3134	PREGO
ENVO:00000051	NCBITaxon:1123369	Thermoanaerobacter uzonensis DSM 18761	PREGO
ENVO:00000051	NCBITaxon:1123372	Thermodesulfobacterium hveragerdense DSM 12571	PREGO
ENVO:00000051	NCBITaxon:1123374	Thermodesulfovibrio hydrogeniphilus DSM 18151	PREGO
ENVO:00000051	NCBITaxon:1123375	Thermodesulfovibrio islandicus DSM 12570	PREGO
ENVO:00000073	NCBITaxon:1017177	Gluconacetobacter tumulicola	
ENVO:00000073	NCBITaxon:1017181	Gluconacetobacter asukensis	
ENVO:00000073	NCBITaxon:104336	microbacterium_foliorum	
ENVO:00000073	NCBITaxon:1046624	Lactococcus lactis subsp. lactis IO-1	
ENVO:00000073	NCBITaxon:1049980	Leptospira santarosai HAI134	
ENVO:00000073	NCBITaxon:1049981	Leptospira santarosai HAI1349	
ENVO:00000073	NCBITaxon:1049982	Leptospira santarosai HAI1380	
ENVO:00000073	NCBITaxon:1049983	Leptospira santarosai HAI821	
ENVO:00000073	NCBITaxon:1050153	ornithinimicrobium_murale	
ENVO:00000073	NCBITaxon:1053220	Bacillus cereus MSX-A1	
ENVO:00000073	NCBITaxon:1053221	Bacillus cereus MSX-A12	
ENVO:00000073	NCBITaxon:1053222	Bacillus cereus MSX-D12	
ENVO:00000073	NCBITaxon:1068980	Amycolatopsis nigrescens CSC17Ta-90, DSM 44992	
ENVO:00000073	NCBITaxon:1071054	domibacillus_robiginosus	
ENVO:00000073	NCBITaxon:1081040	microbacterium_murale	
ENVO:00000073	NCBITaxon:1085538	Leptospira interrogans sv. Bataviae HAI135	
ENVO:00000073	NCBITaxon:1089456	Pseudomonas aeruginosa NCGM2.S1	
ENVO:00000073	NCBITaxon:1112217	Pseudomonas psychrotolerans L19	
ENVO:00000073	NCBITaxon:1122923	Paenibacillus pasadenensis DSM 19293	
ENVO:00000073	NCBITaxon:1134914	Staphylococcus haemolyticus R1P1	
ENVO:00000073	NCBITaxon:115979	bacillus_nealsonii	
ENVO:00000073	NCBITaxon:1178541	Bacillus safensis FO-36b	
ENVO:00000073	NCBITaxon:1193041	Leptospira interrogans HAI1536	
ENVO:00000073	NCBITaxon:1193060	Leptospira santarosai HAI1594	
ENVO:00000073	NCBITaxon:1195761	Ornithinimicrobium tianjinense	
ENVO:00000134	NCBITaxon:1121419	Desulfosporosinus hippei DSM 8344	PREGO
ENVO:00000134	NCBITaxon:1121924	Glaciibacter superstes DSM 21135	PREGO
ENVO:00000134	NCBITaxon:1121959	Hymenobacter psychrotolerans DSM 18569	PREGO
ENVO:00000134	NCBITaxon:1123276	Spirosoma luteum DSM 19990	PREGO
ENVO:00000134	NCBITaxon:1123278	Spirosoma spitsbergense DSM 19989	PREGO
ENVO:00000134	NCBITaxon:259536	Psychrobacter arcticus 273-4	PREGO
ENVO:00000134	NCBITaxon:262543	Exiguobacterium sibiricum 255-15	PREGO
ENVO:00000134	NCBITaxon:378534	Pseudomonas sp. Eur1 9.41	PREGO
ENVO:00000134	NCBITaxon:378543	tumebacillus_permanentifrigoris	PREGO
ENVO:00000134	NCBITaxon:386456	methanobacterium_arcticum	PREGO
ENVO:00000134	NCBITaxon:408577	Methanobacterium veterum	PREGO
ENVO:00000134	NCBITaxon:431489	demequina_lutea	PREGO
ENVO:00000134	NCBITaxon:1005941	Planococcus halocryophilus Or1	
ENVO:00000134	NCBITaxon:1126681	Bacillus cereus F	
ENVO:00000134	NCBITaxon:1266845	Carnobacterium inhibens subsp. gilichinskyi	
ENVO:00000134	NCBITaxon:1435425	Pseudomonas sp. QTF5	
ENVO:00000134	NCBITaxon:1646498	Acinetobacter sp. TTH0-4	
ENVO:00000134	NCBITaxon:330922	Psychrobacter cryopegella	
ENVO:00000134	NCBITaxon:334543	psychrobacter_arcticus	
ENVO:00000134	NCBITaxon:344998	hymenobacter_psychrotolerans	
ENVO:00000134	NCBITaxon:360422	Clostridium tagluense	
ENVO:00000134	NCBITaxon:469869	virgibacillus_arcticus	
ENVO:00000134	NCBITaxon:501023	glaciibacter_superstes	
ENVO:00000134	NCBITaxon:569859	desulfosporosinus_hippei	
ENVO:00000134	NCBITaxon:630403	tomitella_biformata	
ENVO:00000215	NCBITaxon:1069081	Nitratiruptor tergarcus DSM 16512	PREGO
ENVO:00000215	NCBITaxon:1069083	Methanocaldococcus villosus KIN24-T80	PREGO
ENVO:00000215	NCBITaxon:1120797	Mycobacterium sp. 141	PREGO
ENVO:00000215	NCBITaxon:1121264	Caloranaerobacter azorensis DSM 13643	PREGO
ENVO:00000215	NCBITaxon:1121266	Caminicella sporogenes DSM 14501	PREGO
ENVO:00000215	NCBITaxon:1121301	Paramaledivibacter caminithermalis DSM 15212	PREGO
ENVO:00000215	NCBITaxon:1121390	Desulfacinum hydrothermale DSM 13146	PREGO
ENVO:00000215	NCBITaxon:1121451	Desulfovibrio hydrothermalis AM13, DSM 14728	PREGO
ENVO:00000215	NCBITaxon:1122195	Marinitoga hydrogenitolerans DSM 16785	PREGO
ENVO:00000215	NCBITaxon:1123349	Tepidibacter formicigenes DSM 15518	PREGO
ENVO:00000215	NCBITaxon:1123350	Tepidibacter thalassicus DSM 15285	PREGO
ENVO:00000215	NCBITaxon:1123371	Thermodesulfatator atlanticus DSM 21156	PREGO
ENVO:00000215	NCBITaxon:1123380	Thermosipho atlanticus DSM 15807	PREGO
ENVO:00000215	NCBITaxon:1125975	Thermoanaerobacter indiensis BSB-33	PREGO
ENVO:00000215	NCBITaxon:126740	Thermotoga sp. RQ2	PREGO
ENVO:00000215	NCBITaxon:1380347	Geodermatophilaceae bacterium URHB0048	PREGO
ENVO:00000215	NCBITaxon:1495045	Thermopetrobacter sp. TC1	PREGO
ENVO:00000215	NCBITaxon:161156	Thermodesulfobacterium hydrogeniphilum	PREGO
ENVO:00000215	NCBITaxon:198703	persephonella_hydrogeniphila	PREGO
ENVO:00000215	NCBITaxon:213224	geothermobacter_ehrlichii	PREGO
ENVO:00000215	NCBITaxon:223786	Hydrogenimonas thermophila	PREGO
ENVO:00000215	NCBITaxon:240166	desulfurobacterium_pacificum	PREGO
ENVO:00000215	NCBITaxon:240167	thermovibrio_guaymasensis	PREGO
ENVO:00000215	NCBITaxon:240169	desulfurobacterium_atlanticum	PREGO
ENVO:00000215	NCBITaxon:267990	Lebetimonas acidiphila	PREGO
ENVO:00000247	NCBITaxon:426118	Sulfolobus islandicus M.16.4	PREGO
ENVO:00000247	NCBITaxon:427318	Sulfolobus islandicus M.16.27	PREGO
ENVO:00000247	NCBITaxon:1122961	Picrophilus oshimae DSM 9789	
ENVO:00000247	NCBITaxon:120958	Thermoanaerobacter sulfurigignens	
ENVO:00000247	NCBITaxon:1241935	Sulfolobus islandicus LAL14/1	
ENVO:00000247	NCBITaxon:1365176	Thermofilum adornatus	
ENVO:00000247	NCBITaxon:162154	Arcobacter sulfidicus	
ENVO:00000247	NCBITaxon:1838280	Desulfotomaculum copahuensis CINDEFI1	
ENVO:00000247	NCBITaxon:190967	desulfotomaculum_solfataricum	
ENVO:00000247	NCBITaxon:2181	Methanothermus sociabilis	
ENVO:00000247	NCBITaxon:2283	Acidianus ambivalens	
ENVO:00000247	NCBITaxon:263820	Picrophilus torridus DSM 9790	
ENVO:00000247	NCBITaxon:35616	Pyrodictium brockii	
ENVO:00000247	NCBITaxon:380174	cohnella_laeviribosi	
ENVO:00000247	NCBITaxon:399579	thermogymnomonas_acidicola	
ENVO:00000247	NCBITaxon:471514	alicyclobacillus_ferrooxydans	
ENVO:00000247	NCBITaxon:523846	Methanothermus fervidus DSM 2088	
ENVO:00000247	NCBITaxon:667306	aciditerrimonas_ferrireducens	
ENVO:00000247	NCBITaxon:675631	Desulfurococcus mobilis DSM 2161	
ENVO:00000247	NCBITaxon:688269	Pseudothermotoga thermarum DSM 5069	
ENVO:00000247	NCBITaxon:69014	Thermococcus kodakarensis KOD1	
ENVO:00000247	NCBITaxon:765177	Desulfurococcus mucosus DSM 2162	
ENVO:00000247	NCBITaxon:85993	Hydrogenophilus hirschii	
ENVO:00000247	NCBITaxon:929558	Campylobacterales sp. GD 1	
ENVO:00000247	NCBITaxon:930943	Sulfolobus islandicus HVE10/4	
ENVO:00001995	NCBITaxon:1121381	Deinococcus marmoris DSM 12784	PREGO
ENVO:00001995	NCBITaxon:1122138	Kribbella catacumbae DSM 19601	PREGO
ENVO:00001995	NCBITaxon:1123057	Rhodonellum psychrophilum GCM71, DSM 17998	PREGO
ENVO:00001995	NCBITaxon:1123241	Nakamurella lactea DSM 19367	PREGO
ENVO:00001995	NCBITaxon:471853	Beutenbergia cavernae DSM 12333	PREGO
ENVO:00001995	NCBITaxon:70993	flexibacter_aggregans	PREGO
ENVO:00001995	NCBITaxon:1007104	Sphingomonas sp. S17	
ENVO:00001995	NCBITaxon:102227	pseudonocardia_kongjuensis	
ENVO:00001995	NCBITaxon:1026	marinoscillum_furvescens	
ENVO:00001995	NCBITaxon:1043206	Acidiphilium sp. PM, DSM 24941	
ENVO:00001995	NCBITaxon:1051075	Paracoccus denitrificans SD1	
ENVO:00001995	NCBITaxon:105422	streptacidiphilus_carbonis	
ENVO:00001995	NCBITaxon:1055466	Rhodococcus canchipurensis	
ENVO:00001995	NCBITaxon:1077942	micromonospora_kangleipakensis	
ENVO:00001995	NCBITaxon:1082932	Agrobacterium tumefaciens CCNWGS0286	
ENVO:00001995	NCBITaxon:1112211	Janthinobacterium lividum PAMC 25724	
ENVO:00001995	NCBITaxon:111781	Leptolyngbya sp. PCC 7376	
ENVO:00001995	NCBITaxon:1120923	Acidocella aminolytica DSM 11237	
ENVO:00001995	NCBITaxon:1120959	Agromyces italicus DSM 16388	
ENVO:00001995	NCBITaxon:1121026	Aureimonas altamirensis DSM 21988	
ENVO:00001995	NCBITaxon:1121432	Desulfotomaculum thermosubterraneum DSM 16057	
ENVO:00001995	NCBITaxon:1121445	Desulfovibrio desulfuricans desulfuricans DSM 642	
ENVO:00001995	NCBITaxon:1121468	Desulfovirgula thermocuniculi DSM 16036	
ENVO:00001995	NCBITaxon:1121481	Dyadobacter alkalitolerans DSM 23607	
ENVO:00001995	NCBITaxon:1121830	fodinicurvata_fenggangensis	
ENVO:00001998	NCBITaxon:1005740	aminivibrio_pyruvatiphilus	PREGO
ENVO:00001998	NCBITaxon:101510	Rhodococcus jostii RHA1	PREGO
ENVO:00001998	NCBITaxon:1032476	nonomuraea_soli	PREGO
ENVO:00001998	NCBITaxon:1036180	Massilia lurida	PREGO
ENVO:00001998	NCBITaxon:103725	kutzneria_kofuensis	PREGO
ENVO:00001998	NCBITaxon:103732	actinomadura_flava	PREGO
ENVO:00001998	NCBITaxon:103836	actinomadura_flexuosa	PREGO
ENVO:00001998	NCBITaxon:103838	actinomadura_turkmeniaca	PREGO
ENVO:00001998	NCBITaxon:104100	acetobacter_lovaniensis	PREGO
ENVO:00001998	NCBITaxon:1045776	kutzneria_buriramensis	PREGO
ENVO:00001998	NCBITaxon:104662	chitinophaga_japonensis	PREGO
ENVO:00001998	NCBITaxon:104663	chitinophaga_filiformis	PREGO
ENVO:00001998	NCBITaxon:1048339	Sporichthya polymorpha DSM 43042	PREGO
ENVO:00001998	NCBITaxon:1050202	Actinopolyspora mortivallis HS-1, DSM 44261	PREGO
ENVO:00001998	NCBITaxon:1052260	geodermatophilus_soli	PREGO
ENVO:00001998	NCBITaxon:1054860	Streptomyces purpureus KA281, ATCC 21405	PREGO
ENVO:00001998	NCBITaxon:106590	alcaligenes_eutrophus	PREGO
ENVO:00001998	NCBITaxon:106592	ensifer_adhaerens	PREGO
ENVO:00001998	NCBITaxon:1068978	Amycolatopsis methanolica 239	PREGO
ENVO:00001998	NCBITaxon:1068979	Amycolatopsis thermoflava N1165, DSM 44574	PREGO
ENVO:00001998	NCBITaxon:1076	rhodopseudomonas_palustris	PREGO
ENVO:00001998	NCBITaxon:1077936	Pontibacter lucknowensis	PREGO
ENVO:00001998	NCBITaxon:1089545	Amycolatopsis balhimycina FH 1894	PREGO
ENVO:00001998	NCBITaxon:1089548	Thermicanus aegyptius DSM 12793	PREGO
ENVO:00001998	NCBITaxon:1089549	Haloglycomyces albus DSM 45210	PREGO
ENVO:00002001	NCBITaxon:1058	thiocapsa_roseopersicina	PREGO
ENVO:00002001	NCBITaxon:1089553	Thermacetogenium phaeum DSM 12270	PREGO
ENVO:00002001	NCBITaxon:1120924	Acinetobacter baylyi DSM 14961	PREGO
ENVO:00002001	NCBITaxon:1120925	Acinetobacter bouvetii DSM 14964	PREGO
ENVO:00002001	NCBITaxon:1120927	Acinetobacter tandoii DSM 14970	PREGO
ENVO:00002001	NCBITaxon:1120928	Acinetobacter tjernbergiae DSM 14971	PREGO
ENVO:00002001	NCBITaxon:1120929	Acinetobacter towneri DSM 14962	PREGO
ENVO:00002001	NCBITaxon:1120962	Alcaligenes faecalis phenolicus DSM 16503	PREGO
ENVO:00002001	NCBITaxon:1121109	Bifidobacterium minimum DSM 20102	PREGO
ENVO:00002001	NCBITaxon:1121110	Bifidobacterium subtile DSM 20096	PREGO
ENVO:00002001	NCBITaxon:1121111	Bifidobacterium thermacidophilum thermacidophilum DSM 15837	PREGO
ENVO:00002001	NCBITaxon:1121123	Brevundimonas aveniformis DSM 17977	PREGO
ENVO:00002001	NCBITaxon:1121255	Caenimonas koreensis DSM 17982	PREGO
ENVO:00002001	NCBITaxon:1121262	Caloramator proteoclasticus DSM 10124	PREGO
ENVO:00002001	NCBITaxon:1121271	Gemmobacter nectariphilus DSM 15620	PREGO
ENVO:00002001	NCBITaxon:1121285	Chryseobacterium caeni DSM 17710	PREGO
ENVO:00002001	NCBITaxon:1121286	Chryseobacterium daeguense DSM 19388	PREGO
ENVO:00002001	NCBITaxon:1121344	Clostridium viride DSM 6836	PREGO
ENVO:00002001	NCBITaxon:1121348	Comamonas badia DSM 17552	PREGO
ENVO:00002001	NCBITaxon:1121378	Deinococcus aquatilis DSM 23025	PREGO
ENVO:00002001	NCBITaxon:1121393	Desulfatibacillum alkenivorans DSM 16219	PREGO
ENVO:00002001	NCBITaxon:1121405	Desulfococcus multivorans DSM 2059	PREGO
ENVO:00002001	NCBITaxon:1121433	Desulfovermiculus halophilus DSM 18834	PREGO
ENVO:00002001	NCBITaxon:1121438	Desulfovibrio alcoholivorans DSM 5433	PREGO
ENVO:00002001	NCBITaxon:1121440	Desulfovibrio aminophilus DSM 12254	PREGO
ENVO:00002006	NCBITaxon:1270	Micrococcus luteus	PREGO
ENVO:00002006	NCBITaxon:1280	Staphylococcus aureus	PREGO
ENVO:00002006	NCBITaxon:1402	bacillus_licheniformis	PREGO
ENVO:00002006	NCBITaxon:1525	Clostridium thermoaceticum	PREGO
ENVO:00002006	NCBITaxon:1639	Listeria monocytogenes	PREGO
ENVO:00002006	NCBITaxon:172045	chryseobacterium_miricola	PREGO
ENVO:00002006	NCBITaxon:1768	Mycobacterium kansasii	PREGO
ENVO:00002006	NCBITaxon:204773	herminiimonas_arsenicoxydans	PREGO
ENVO:00002006	NCBITaxon:244366	klebsiella_singaporensis	PREGO
ENVO:00002006	NCBITaxon:286698	Geobacter psychrophilus	PREGO
ENVO:00002006	NCBITaxon:287	Pseudomonas aeruginosa	PREGO
ENVO:00002006	NCBITaxon:292	burkholderia_cepacia	PREGO
ENVO:00002006	NCBITaxon:293	Brevundimonas diminuta	PREGO
ENVO:00002006	NCBITaxon:300	pseudomonas_mendocina	PREGO
ENVO:00002006	NCBITaxon:304	Pelomonas saccharophila	PREGO
ENVO:00002006	NCBITaxon:313606	Microscilla marina ATCC 23134	PREGO
ENVO:00002006	NCBITaxon:316	Pseudomonas stutzeri	PREGO
ENVO:00002006	NCBITaxon:358	achromobacter_radiobacter	PREGO
ENVO:00002006	NCBITaxon:40214	acinetobacter_johnsonii	PREGO
ENVO:00002006	NCBITaxon:42256	Rubrobacter radiotolerans	PREGO
ENVO:00002006	NCBITaxon:441157	Burkholderia thailandensis MSMB43	PREGO
ENVO:00002006	NCBITaxon:521674	Planctopirus limnophila DSM 3776	PREGO
ENVO:00002006	NCBITaxon:548	Aerobacter aerogenes	PREGO
ENVO:00002006	NCBITaxon:562	Escherichia coli	PREGO
ENVO:00002006	NCBITaxon:573060	Acidovorax delafieldii 2AN	PREGO
ENVO:00002007	NCBITaxon:1069448	Nitriliruptor alkaliphilus DSM 45188	PREGO
ENVO:00002007	NCBITaxon:1076	rhodopseudomonas_palustris	PREGO
ENVO:00002007	NCBITaxon:107637	Methylomonas sp. LW13	PREGO
ENVO:00002007	NCBITaxon:1090322	Methanolobus tindarius DSM 2278	PREGO
ENVO:00002007	NCBITaxon:1114856	Natronorubrum tibetense DSM 13204	PREGO
ENVO:00002007	NCBITaxon:1120953	Aestuariibacter salexigens DSM 15300	PREGO
ENVO:00002007	NCBITaxon:1120998	Anaerovorax odorimutans DSM 5092	PREGO
ENVO:00002007	NCBITaxon:1121012	Arenibacter latericius DSM 15913	PREGO
ENVO:00002007	NCBITaxon:1121017	Arsenicicoccus bolidensis DSM 15745	PREGO
ENVO:00002007	NCBITaxon:1121085	Bacillus aidingensis DSM 18341	PREGO
ENVO:00002007	NCBITaxon:1121086	Bacillus aurantiacus DSM 18675	PREGO
ENVO:00002007	NCBITaxon:1121317	Clostridium halophilum DSM 5387	PREGO
ENVO:00002007	NCBITaxon:1121326	Clostridium magnum DSM 2767	PREGO
ENVO:00002007	NCBITaxon:1121411	Desulfomicrobium escambiense DSM 10707	PREGO
ENVO:00002007	NCBITaxon:1121420	Desulfosporosinus lacus DSM 15449	PREGO
ENVO:00002007	NCBITaxon:1121443	Desulfovibrio cuneatus DSM 11391	PREGO
ENVO:00002007	NCBITaxon:1121447	Desulfovibrio frigidus DSM 17176	PREGO
ENVO:00002007	NCBITaxon:1121452	Desulfovibrio idahonensis DSM 15450	PREGO
ENVO:00002007	NCBITaxon:1121455	Desulfovibrio litoralis DSM 11393	PREGO
ENVO:00002007	NCBITaxon:1121878	Ferrimonas futtsuensis DSM 18154	PREGO
ENVO:00002007	NCBITaxon:1121904	Flexithrix dorotheae DSM 6795	PREGO
ENVO:00002007	NCBITaxon:1121909	Gaetbulibacter saemankumensis DSM 17032	PREGO
ENVO:00002007	NCBITaxon:1121920	Geothrix fermentans DSM 14018	PREGO
ENVO:00002007	NCBITaxon:1121929	Gracilibacillus lacisalsi DSM 19029	PREGO
ENVO:00002007	NCBITaxon:1121935	Hahella ganghwensis DSM 17046	PREGO
ENVO:00002011	NCBITaxon:102232	Gloeocapsa sp. ATCC 27928	PREGO
ENVO:00002011	NCBITaxon:1079	blastochloris_viridis	PREGO
ENVO:00002011	NCBITaxon:1082345	sphingobium_boeckii	PREGO
ENVO:00002011	NCBITaxon:111780	Stanieria cyanosphaera PCC 7437	PREGO
ENVO:00002011	NCBITaxon:1121004	Aquaspirillum serpens DSM 68	PREGO
ENVO:00002011	NCBITaxon:1121032	Azonexus hydrophilus DSM 23864	PREGO
ENVO:00002011	NCBITaxon:1121104	Balneola vulgaris DSM 17893	PREGO
ENVO:00002011	NCBITaxon:1121124	Brevundimonas bacteroides DSM 4726	PREGO
ENVO:00002011	NCBITaxon:1121279	Chitinimonas taiwanensis DSM 18899	PREGO
ENVO:00002011	NCBITaxon:1121291	Clostridium acidisoli DSM 12555	PREGO
ENVO:00002011	NCBITaxon:1121302	Clostridium cavendishii DSM 21758	PREGO
ENVO:00002011	NCBITaxon:1121319	Clostridium hydrogeniformans DSM 21757	PREGO
ENVO:00002011	NCBITaxon:1121406	Desulfocurvus vexinensis DSM 17965	PREGO
ENVO:00002011	NCBITaxon:1121435	Desulfovibrio africanus DSM 2603	PREGO
ENVO:00002011	NCBITaxon:1121441	Desulfovibrio bastinii DSM 16055	PREGO
ENVO:00002011	NCBITaxon:1121448	Desulfovibrio gigas DSM 1382, ATCC 19364	PREGO
ENVO:00002011	NCBITaxon:1121462	Desulfovibrio putealis DSM 16056	PREGO
ENVO:00002011	NCBITaxon:1121466	Desulfovibrio vietnamensis DSM 10520	PREGO
ENVO:00002011	NCBITaxon:1121895	Flavobacterium rivuli DSM 21788	PREGO
ENVO:00002011	NCBITaxon:1121898	Flavobacterium subsaxonicum DSM 21790	PREGO
ENVO:00002011	NCBITaxon:1121948	Hellea balneolensis DSM 19091	PREGO
ENVO:00002011	NCBITaxon:1122133	Kaistia soli DSM 19436	PREGO
ENVO:00002011	NCBITaxon:1122603	Nevskia ramosa DSM 11499	PREGO
ENVO:00002011	NCBITaxon:1122607	Nisaea denitrificans DSM 18348	PREGO
ENVO:00002011	NCBITaxon:1122612	Novosphingobium acidiphilum DSM 19966	PREGO
ENVO:00002012	NCBITaxon:31910	halomonas_variabilis	PREGO
ENVO:00002012	NCBITaxon:1027249	gracilibacillus_kekensis	
ENVO:00002012	NCBITaxon:1033802	Salinisphaera shabanensis E1L3A	
ENVO:00002012	NCBITaxon:1033806	Halorhabdus tiamatea SARL4B	
ENVO:00002012	NCBITaxon:1033810	Haloplasma contractile SSD-17B	
ENVO:00002012	NCBITaxon:1034944	legionella_tunisiensis	
ENVO:00002012	NCBITaxon:1036674	Idiomarina sp. A28L	
ENVO:00002012	NCBITaxon:1048380	Fusibacter sp. 3D3	
ENVO:00002012	NCBITaxon:1048396	Halopenitus persicus	
ENVO:00002012	NCBITaxon:1069073	amycolatopsis_halophila	
ENVO:00002012	NCBITaxon:1071078	Bacillus sp. NSP9.1	
ENVO:00002012	NCBITaxon:1071079	Bacillus sp. SB47	
ENVO:00002012	NCBITaxon:1076695	Halanaerobium sehlinense	
ENVO:00002012	NCBITaxon:107820	thialkalivibrio_nitratis	
ENVO:00002012	NCBITaxon:108003	thialkalivibrio_denitrificans	
ENVO:00002012	NCBITaxon:1082479	limimonas_halophila	
ENVO:00002012	NCBITaxon:1114856	Natronorubrum tibetense DSM 13204	
ENVO:00002012	NCBITaxon:1118153	Halomonas sp. GFAJ-1	
ENVO:00002012	NCBITaxon:1120956	Afifella pfennigii DSM 17143	
ENVO:00002012	NCBITaxon:1120961	Ahrensia kielensis DSM 5890	
ENVO:00002012	NCBITaxon:1120998	Anaerovorax odorimutans DSM 5092	
ENVO:00002012	NCBITaxon:1121087	Bacillus chagannorensis DSM 18086	
ENVO:00002012	NCBITaxon:1121317	Clostridium halophilum DSM 5387	
ENVO:00002012	NCBITaxon:1121459	Desulfovibrio oxyclinae DSM 11498	
ENVO:00002012	NCBITaxon:1121463	Desulfovibrio senezii DSM 8436	
ENVO:00002019	NCBITaxon:1084519	Nibribacter koreensis	
ENVO:00002019	NCBITaxon:1124597	Magnetococcus marinus	
ENVO:00002019	NCBITaxon:1132696	Chryseobacterium rigui	
ENVO:00002019	NCBITaxon:1165090	imtechella_halotolerans	
ENVO:00002019	NCBITaxon:1194079	streptomyces_chilikensis	
ENVO:00002019	NCBITaxon:152268	bacillus_litoralis	
ENVO:00002019	NCBITaxon:1727163	Algoriphagus sp. M8-2	
ENVO:00002019	NCBITaxon:205844	novosphingobium_pentaromativorans	
ENVO:00002019	NCBITaxon:226504	algoriphagus_mannitolivorans	
ENVO:00002019	NCBITaxon:226505	algoriphagus_halophilus	
ENVO:00002019	NCBITaxon:226506	algoriphagus_ornithinivorans	
ENVO:00002019	NCBITaxon:23	alteromonas_colwelliana	
ENVO:00002019	NCBITaxon:231438	desulfoluna_butyratoxydans	
ENVO:00002019	NCBITaxon:231440	desulfopila_aestuarii	
ENVO:00002019	NCBITaxon:231447	desulfobulbus_japonicus	
ENVO:00002019	NCBITaxon:247022	microbulbifer_maritimus	
ENVO:00002019	NCBITaxon:252230	nocardioides_ganghwensis	
ENVO:00002019	NCBITaxon:252231	Nocardioides aestuarii	
ENVO:00002019	NCBITaxon:252597	alteromonas_litorea	
ENVO:00002019	NCBITaxon:255984	erythrobacter_aquimaris	
ENVO:00002019	NCBITaxon:259390	nocardia_takedensis	
ENVO:00002019	NCBITaxon:285109	thioclava_pacifica	
ENVO:00002019	NCBITaxon:288019	Yeosuana aromativorans	
ENVO:00002019	NCBITaxon:288022	kordiimonas_gwangyangensis	
ENVO:00002019	NCBITaxon:29494	vibrio_furnissii	
ENVO:00002034	NCBITaxon:216903	chryseobacterium_molle	PREGO
ENVO:00002034	NCBITaxon:616997	hoyosella_altamirensis	PREGO
ENVO:00002034	NCBITaxon:1029756	Hyphomicrobium nitrativorans NL23	
ENVO:00002034	NCBITaxon:1087448	Exiguobacterium antarcticum B7	
ENVO:00002034	NCBITaxon:1121938	Halobacillus kuroshimensis DSM 18393	
ENVO:00002034	NCBITaxon:1134435	thauera_humireducens	
ENVO:00002034	NCBITaxon:1175486	nocardioides_albertanoniae	
ENVO:00002034	NCBITaxon:1188229	Candidatus Gloeomargarita lithophora D10	
ENVO:00002034	NCBITaxon:1245526	pseudomonas_guangdongensis	
ENVO:00002034	NCBITaxon:150172	flavobacterium_tegetincola	
ENVO:00002034	NCBITaxon:195907	gillisia_limnaea	
ENVO:00002034	NCBITaxon:195913	loktanella_salsilacus	
ENVO:00002034	NCBITaxon:209897	afifella_pfennigii	
ENVO:00002034	NCBITaxon:245187	loktanella_fryxellensis	
ENVO:00002034	NCBITaxon:245188	loktanella_vestfoldensis	
ENVO:00002034	NCBITaxon:249351	flavobacterium_psychrolimnae	
ENVO:00002034	NCBITaxon:249352	flavobacterium_fryxellicola	
ENVO:00002034	NCBITaxon:287844	Lactobacillus concavus	
ENVO:00002034	NCBITaxon:293890	agromyces_subbeticus	
ENVO:00002034	NCBITaxon:295419	rubellimicrobium_thermophilum	
ENVO:00002034	NCBITaxon:321267	shimia_marina	
ENVO:00002034	NCBITaxon:325473	Psychroserpens mesophilus	
ENVO:00002034	NCBITaxon:329406	thiorhodococcus_mannitoliphagus	
ENVO:00002034	NCBITaxon:332168	Halococcus hamelinensis	
ENVO:00002034	NCBITaxon:343403	Costertonia aggregata	
ENVO:00002044	NCBITaxon:1007097	gordonia_caeni	BACDIVE
ENVO:00002044	NCBITaxon:1122236	Methylophilus methylotrophus DSM 46235	PREGO
ENVO:00002044	NCBITaxon:1266720	Moorella stamsii	BACDIVE
ENVO:00002044	NCBITaxon:1270	Micrococcus luteus	PREGO
ENVO:00002044	NCBITaxon:151276	bacteroides_coprosuis	PREGO
ENVO:00002044	NCBITaxon:164330	thauera_aminoaromatica	BACDIVE
ENVO:00002044	NCBITaxon:164400	thauera_phenylacetica	BACDIVE
ENVO:00002044	NCBITaxon:204773	herminiimonas_arsenicoxydans	PREGO
ENVO:00002044	NCBITaxon:215580	caenibacterium_thermophilum	BACDIVE
ENVO:00002044	NCBITaxon:224999	tepidanaerobacter_syntrophicus	BACDIVE
ENVO:00002044	NCBITaxon:229919	Anaerolinea thermolimosa	BACDIVE
ENVO:00002044	NCBITaxon:229920	Leptolinea tardivitalis	BACDIVE
ENVO:00002044	NCBITaxon:229921	Levilinea saccharolytica	BACDIVE
ENVO:00002044	NCBITaxon:253239	ethanoligenens_harbinense	BACDIVE
ENVO:00002044	NCBITaxon:265072	Methylobacillus flagellatus KT	PREGO
ENVO:00002044	NCBITaxon:266123	castellaniella_caeni	BACDIVE
ENVO:00002044	NCBITaxon:266126	Azonexus caeni	BACDIVE
ENVO:00002044	NCBITaxon:316	Pseudomonas stutzeri	PREGO
ENVO:00002044	NCBITaxon:343013	acidovorax_caeni	PREGO
ENVO:00002044	NCBITaxon:360411	Bellilinea caldifistulae	BACDIVE
ENVO:00002044	NCBITaxon:370979	flavobacterium_defluvii	PREGO
ENVO:00002044	NCBITaxon:399795	Comamonas testosteroni KF-1	PREGO
ENVO:00002044	NCBITaxon:414052	Caenispirillum bisanense	BACDIVE
ENVO:00002044	NCBITaxon:415015	proteiniborus_ethanoligenes	PREGO
ENVO:00002044	NCBITaxon:439612	daeguia_caeni	BACDIVE
ENVO:00002113	NCBITaxon:234831	Pseudoalteromonas sp. SM9913	PREGO
ENVO:00002113	NCBITaxon:252514	microbulbifer_thermotolerans	PREGO
ENVO:00002113	NCBITaxon:555079	Thermosediminibacter oceani DSM 16646	PREGO
ENVO:00002113	NCBITaxon:1208324	celeribacter_indicus	
ENVO:00002113	NCBITaxon:1267766	Altererythrobacter atlanticus	
ENVO:00002113	NCBITaxon:1648404	Erythrobacter atlanticus	
ENVO:00002113	NCBITaxon:1798213	Pseudovibrio sp. Tun.PSC04-5.I4	
ENVO:00002113	NCBITaxon:195522	Thermococcus nautili	
ENVO:00002113	NCBITaxon:211669	psychromonas_hadalis	
ENVO:00002113	NCBITaxon:260552	microbulbifer_agarilyticus	
ENVO:00002113	NCBITaxon:263358	Verrucosispora maris AB-18-032	
ENVO:00002113	NCBITaxon:358099	brevibacterium_oceani	
ENVO:00002113	NCBITaxon:358100	microbacterium_indicum	
ENVO:00002113	NCBITaxon:385025	Cycloclasticus sp. P1	
ENVO:00002113	NCBITaxon:388746	puniceicoccus_vermicola	
ENVO:00002113	NCBITaxon:490759	Marinobacter sp. BSs20148	
ENVO:00002113	NCBITaxon:74109	photobacterium_profundum	
ENVO:00002113	NCBITaxon:748449	Halobacteroides halobius DSM 5150	
ENVO:00002113	NCBITaxon:89067	moritella_japonica	
ENVO:00002123	NCBITaxon:1121298	clostridium_amylolyticum	PREGO
ENVO:00002123	NCBITaxon:1209989	Tepidanaerobacter acetatoxydans Re1	PREGO
ENVO:00002123	NCBITaxon:659425	clostridium_caenicola	PREGO
ENVO:00002123	NCBITaxon:1000560	Escherichia coli VDP	
ENVO:00002123	NCBITaxon:100226	Streptomyces coelicolor A3(2)	
ENVO:00002123	NCBITaxon:1027372	Enterococcus faecalis OG1X	
ENVO:00002123	NCBITaxon:1028799	Staphylococcus aureus subsp. aureus VC40	
ENVO:00002123	NCBITaxon:1033854	Thioalkalivibrio sulfidiphilus	
ENVO:00002123	NCBITaxon:1036743	Rhodospirillum rubrum F11	
ENVO:00002123	NCBITaxon:1042209	Pseudomonas fluorescens HK44	
ENVO:00002123	NCBITaxon:1051353	Escherichia coli ATCC 700728	
ENVO:00002123	NCBITaxon:1056982	Gordonia phosphorivorans	
ENVO:00002123	NCBITaxon:1069495	Escherichia coli XH001	
ENVO:00002123	NCBITaxon:1075088	Corynebacterium glutamicum S9114	
ENVO:00002123	NCBITaxon:1076	rhodopseudomonas_palustris	
ENVO:00002123	NCBITaxon:1081094	Legionella pneumophila subsp. pneumophila str. Hextuple_2q	
ENVO:00002123	NCBITaxon:1081095	Legionella pneumophila subsp. pneumophila str. Hextuple_3a	
ENVO:00002123	NCBITaxon:1086030	Shigella flexneri 5a M90T	
ENVO:00002123	NCBITaxon:110319	Nocardioides sp. CF8	
ENVO:00002123	NCBITaxon:1111677	Enterococcus faecalis M7	
ENVO:00002123	NCBITaxon:1112212	Sphingomonas echinoides ATCC 14820	
ENVO:00002123	NCBITaxon:1121353	Corynebacterium callunae DSM 20147	
ENVO:00002123	NCBITaxon:1121422	Desulfotomaculum alcoholivorax DSM 16058	
ENVO:00002123	NCBITaxon:1121472	Desulfurispora thermophila DSM 16022	
ENVO:00002123	NCBITaxon:1122602	Nesterenkonia alba DSM 19423	
ENVO:00002149	NCBITaxon:1089439	Fangia hongkongensis DSM 21703	PREGO
ENVO:00002149	NCBITaxon:1117647	Simiduia agarivorans SA1 = DSM 21679	PREGO
ENVO:00002149	NCBITaxon:1120951	Aequorivita capsosiphonis DSM 23843	PREGO
ENVO:00002149	NCBITaxon:1120963	Algicola sagamiensis DSM 14643	PREGO
ENVO:00002149	NCBITaxon:1120966	Algoriphagus marincola DSM 16067	PREGO
ENVO:00002149	NCBITaxon:1120969	Aliagarivorans marinus DSM 23064	PREGO
ENVO:00002149	NCBITaxon:1120970	Aliagarivorans taiwanensis DSM 22990	PREGO
ENVO:00002149	NCBITaxon:1121007	Aquimarina muelleri DSM 19832	PREGO
ENVO:00002149	NCBITaxon:1121867	Enterovibrio calviensis DSM 14347	PREGO
ENVO:00002149	NCBITaxon:1121875	Eudoraea adriatica DSM 19308	PREGO
ENVO:00002149	NCBITaxon:1121912	Gelidibacter mesophilus DSM 14095	PREGO
ENVO:00002149	NCBITaxon:1121921	Gilvimarinus chinensis DSM 19667	PREGO
ENVO:00002149	NCBITaxon:1121922	Glaciecola pallidula DSM 14239	PREGO
ENVO:00002149	NCBITaxon:1121937	Haliea salexigens DSM 19537	PREGO
ENVO:00002149	NCBITaxon:1121949	Henriciella marina DSM 19595	PREGO
ENVO:00002149	NCBITaxon:1122159	Leeuwenhoekiella marinoflava DSM 3653	PREGO
ENVO:00002149	NCBITaxon:1122197	Marinobacter daepoensis DSM 16072	PREGO
ENVO:00002149	NCBITaxon:1122200	Marinobacterium jannaschii DSM 6295	PREGO
ENVO:00002149	NCBITaxon:1122201	Marinobacterium litorale DSM 23545	PREGO
ENVO:00002149	NCBITaxon:1122206	Marinomonas polaris DSM 16579	PREGO
ENVO:00002149	NCBITaxon:1122224	Spongiibacter marinus DSM 19753	PREGO
ENVO:00002149	NCBITaxon:1122225	Mesoflavibacter zeaxanthinifaciens DSM 18436	PREGO
ENVO:00002149	NCBITaxon:1122226	Mesonia mobilis DSM 19841	PREGO
ENVO:00002149	NCBITaxon:1122600	Nereida ignava DSM 16309	PREGO
ENVO:00002149	NCBITaxon:1122615	Oceanobacter kriegii DSM 6294	PREGO
ENVO:00002170	NCBITaxon:1089552	Rhodovibrio salinarum DSM 9154	PREGO
ENVO:00002170	NCBITaxon:1111737	Thermocrispum municipale DSM 44069	PREGO
ENVO:00002170	NCBITaxon:1111738	Thermocrispum agreste DSM 44070	PREGO
ENVO:00002170	NCBITaxon:1121013	Arenimonas composti TR7-09, DSM 18010	PREGO
ENVO:00002170	NCBITaxon:1121349	Comamonas composti DSM 21721	PREGO
ENVO:00002170	NCBITaxon:1121385	Demetria terragena DSM 11295	PREGO
ENVO:00002170	NCBITaxon:1121395	Desulfitobacterium chlororespirans DSM 11544	PREGO
ENVO:00002170	NCBITaxon:1121927	Gordonia hirsuta K718a, DSM 44140	PREGO
ENVO:00002170	NCBITaxon:1121952	Humibacter albus DSM 18994	PREGO
ENVO:00002170	NCBITaxon:1122239	Microbacterium luticocti DSM 19459	PREGO
ENVO:00002170	NCBITaxon:1122958	Phenylobacterium composti DSM 19425	PREGO
ENVO:00002170	NCBITaxon:1123405	Tuberibacillus calidus DSM 17572	PREGO
ENVO:00002170	NCBITaxon:1292027	Pseudomonas azotifigens DSM 17556	PREGO
ENVO:00002170	NCBITaxon:1408	Bacillus pumilus	PREGO
ENVO:00002170	NCBITaxon:1714	cellulomonas_uda	PREGO
ENVO:00002170	NCBITaxon:269800	Thermobifida fusca YX	PREGO
ENVO:00002170	NCBITaxon:287	Pseudomonas aeruginosa	PREGO
ENVO:00002170	NCBITaxon:292459	Symbiobacterium thermophilum IAM 14863	PREGO
ENVO:00002170	NCBITaxon:36773	burkholderia_sp	PREGO
ENVO:00002170	NCBITaxon:394503	Ruminiclostridium cellulolyticum H10	PREGO
ENVO:00002170	NCBITaxon:407022	pseudosphingobacterium_domesticum	PREGO
ENVO:00002170	NCBITaxon:471852	Thermomonospora curvata DSM 43183	PREGO
ENVO:00002170	NCBITaxon:644383	thermosporothrix_hazakensis	PREGO
ENVO:00002170	NCBITaxon:649349	Leadbetterella byssophila DSM 17132	PREGO
ENVO:00002170	NCBITaxon:743721	Pseudoxanthomonas suwonensis 11-1	PREGO
ENVO:00002259	NCBITaxon:1911	actinomyces_griseus	PREGO
ENVO:00002259	NCBITaxon:205922	Pseudomonas fluorescens Pf0-1	PREGO
ENVO:00002259	NCBITaxon:234267	Candidatus Solibacter usitatus Ellin6076	PREGO
ENVO:00002259	NCBITaxon:271848	Burkholderia thailandensis E264	PREGO
ENVO:00002259	NCBITaxon:304371	Methanocella paludicola SANAE	PREGO
ENVO:00002259	NCBITaxon:331272	Burkholderia cenocepacia HI2424	PREGO
ENVO:00002259	NCBITaxon:406425	Burkholderia cenocepacia MC0-3	PREGO
ENVO:00002259	NCBITaxon:436717	Acinetobacter oleivorans DR1	PREGO
ENVO:00002259	NCBITaxon:479432	Streptosporangium roseum DSM 43021	PREGO
ENVO:00002259	NCBITaxon:498211	Cellvibrio japonicus Ueda107	PREGO
ENVO:00002259	NCBITaxon:527028	Bacillus thuringiensis sv. pulsiensis BGSC 4CC1	PREGO
ENVO:00002259	NCBITaxon:658172	Candidatus Liberibacter solanacearum CLso-ZC1	PREGO
ENVO:00002259	NCBITaxon:694427	Paludibacter propionicigenes WB4	PREGO
ENVO:00002259	NCBITaxon:698936	Sinorhizobium meliloti BL225C	PREGO
ENVO:00002259	NCBITaxon:1001585	Pseudomonas mendocina NK-01	
ENVO:00002259	NCBITaxon:103796	Pseudomonas syringae pv. actinidiae	
ENVO:00002259	NCBITaxon:1040985	Mesorhizobium sp. WSM2561	
ENVO:00002259	NCBITaxon:1041146	Rhizobium sullae WSM1592	
ENVO:00002259	NCBITaxon:1041930	Methanocella conradii HZ254	
ENVO:00002259	NCBITaxon:1080179	Burkholderia sp. UYPR1.413	
ENVO:00002259	NCBITaxon:109214	xanthomonas_cynarae	
ENVO:00002259	NCBITaxon:1097668	Burkholderia sp. YI23	
ENVO:00002259	NCBITaxon:1120985	Anaeroarcus burkinensis DSM 6283	
ENVO:00002259	NCBITaxon:1121015	Arenimonas oryziterrae YC6267	
ENVO:00002259	NCBITaxon:1122158	Leeia oryzae DSM 17879	
ENVO:00002261	NCBITaxon:1054862	Streptomyces bottropensis ATCC 25435	PREGO
ENVO:00002261	NCBITaxon:1078846	Methylovulum miyakonense HT12	PREGO
ENVO:00002261	NCBITaxon:1120934	Actinokineospora enzanensis DSM 44649	PREGO
ENVO:00002261	NCBITaxon:1120996	Anaerosporobacter mobilis DSM 15930	PREGO
ENVO:00002261	NCBITaxon:1120999	Andreprevotia chitinilytica DSM 18519	PREGO
ENVO:00002261	NCBITaxon:1121322	Anaerocolumna jejuensis DSM 15929	PREGO
ENVO:00002261	NCBITaxon:1121480	Pseudoduganella violaceinigra DSM 15887	PREGO
ENVO:00002261	NCBITaxon:1121946	Hamadaea tsunoensis DSM 44101	PREGO
ENVO:00002261	NCBITaxon:1168170	Klebsiella oxytoca BRL6-2	PREGO
ENVO:00002261	NCBITaxon:1298860	Microbacterium sp. URHA0036	PREGO
ENVO:00002261	NCBITaxon:1298868	Flavobacterium sp. URHB0058	PREGO
ENVO:00002261	NCBITaxon:1380348	Acidobacteriaceae bacterium URHE0068	PREGO
ENVO:00002261	NCBITaxon:1380394	Rhodospirillales bacterium URHD0088	PREGO
ENVO:00002261	NCBITaxon:1560005	edaphobacter_dinghuensis	PREGO
ENVO:00002261	NCBITaxon:258050	kitasatospora_gansuensis	PREGO
ENVO:00002261	NCBITaxon:29581	chromobacterium_amethystinum	PREGO
ENVO:00002261	NCBITaxon:357809	Lachnoclostridium phytofermentans ISDg	PREGO
ENVO:00002261	NCBITaxon:395965	Methylocella silvestris BL2	PREGO
ENVO:00002261	NCBITaxon:39691	mycobacterium_moriokaense	PREGO
ENVO:00002261	NCBITaxon:446787	actinopolymorpha_rutila	PREGO
ENVO:00002261	NCBITaxon:469383	Conexibacter woesei DSM 14684	PREGO
ENVO:00002261	NCBITaxon:479430	Actinospica robiniae DSM 44927	PREGO
ENVO:00002261	NCBITaxon:479433	Catenulispora acidiphila DSM 44928	PREGO
ENVO:00002261	NCBITaxon:482957	burkholderia_lata	PREGO
ENVO:00002261	NCBITaxon:485918	Chitinophaga pinensis DSM 2588	PREGO
ENVO:00002984	NCBITaxon:418699	azoarcus_olearius	PREGO
ENVO:00002984	NCBITaxon:1007105	Pusillimonas sp. T7-7	
ENVO:00002984	NCBITaxon:1120954	Aestuariimicrobium kwangyangense DSM 21549	
ENVO:00002984	NCBITaxon:1121016	Arhodomonas aquaeolei DSM 8974	
ENVO:00002984	NCBITaxon:1121391	Desulfacinum infernum DSM 9756	
ENVO:00002984	NCBITaxon:1121398	Desulfobacter vibrioformis DSM 8776	
ENVO:00002984	NCBITaxon:1121415	Desulfonauticus autotrophicus DSM 4206	
ENVO:00002984	NCBITaxon:1121430	Desulfotomaculum thermocisternum DSM 10259	
ENVO:00002984	NCBITaxon:1121436	Desulfovibrio alaskensis DSM 16109	
ENVO:00002984	NCBITaxon:1121449	Desulfovibrio gracilis DSM 16080	
ENVO:00002984	NCBITaxon:1121456	Desulfovibrio longus DSM 6739	
ENVO:00002984	NCBITaxon:1121479	Pseudodonghicola xiamenensis DSM 18339	
ENVO:00002984	NCBITaxon:1121911	Garciella nitratireducens DSM 15102	
ENVO:00002984	NCBITaxon:1122143	Lacticigenium naphtae DSM 19658	
ENVO:00002984	NCBITaxon:1122233	Methermicoccus shengliensis DSM 18856	
ENVO:00002984	NCBITaxon:1122953	Petrotoga halophila DSM 16923	
ENVO:00002984	NCBITaxon:1122955	Petrotoga olearia DSM 13574	
ENVO:00002984	NCBITaxon:1122956	Petrotoga sibirica DSM 13575	
ENVO:00002984	NCBITaxon:1123373	Thermodesulfobacterium thermophilum DSM 1276	
ENVO:00002984	NCBITaxon:1123383	Pseudothermotoga elfii DSM 9442 = NBRC 107921	
ENVO:00002984	NCBITaxon:1123384	Pseudothermotoga hypogea DSM 11164 = NBRC 106472	
ENVO:00002984	NCBITaxon:1123385	Pseudothermotoga subterranea DSM 9912	
ENVO:00002984	NCBITaxon:1123501	Wenxinia marina DSM 24838	
ENVO:00002984	NCBITaxon:1157947	Thermotoga sp. Cell2	
ENVO:00002984	NCBITaxon:1163748	Marinobacter hydrocarbonoclasticus ATCC 49840	
ENVO:00005750	NCBITaxon:1257080	Paenibacillus sp. PAMC 26794	
ENVO:00005750	NCBITaxon:1267547	Bacillus subtilis MB732	
ENVO:00005750	NCBITaxon:1298856	Sphingomonas sp. URHD0007	
ENVO:00005750	NCBITaxon:1298857	Solirubrobacter sp. URHD0082	
ENVO:00005750	NCBITaxon:1298859	Burkholderia sp. URHA0054	
ENVO:00005750	NCBITaxon:1298861	Lysobacter sp. URHA0019	
ENVO:00005750	NCBITaxon:1298862	Caulobacter sp. URHA0033	
ENVO:00005750	NCBITaxon:1298863	Marmoricola sp. URHB0036	
ENVO:00005750	NCBITaxon:1298864	Mycobacterium sp. URHD0025	
ENVO:00005750	NCBITaxon:1302620	Cellulomonas sp. URHD0024	
ENVO:00005750	NCBITaxon:1338436	sinomonas_humi	
ENVO:00005750	NCBITaxon:1380346	Streptomyces sp. URHA0041	
ENVO:00005750	NCBITaxon:1380349	Micromonosporaceae bacterium URHE0070	
ENVO:00005750	NCBITaxon:1380350	Mesorhizobium sp. URHC0008	
ENVO:00005750	NCBITaxon:1380351	Mesorhizobium sp. URHB0007	
ENVO:00005750	NCBITaxon:1380352	Bradyrhizobium sp. URHA0013	
ENVO:00005750	NCBITaxon:1380353	Geodermatophilaceae bacterium URHB0062	
ENVO:00005750	NCBITaxon:1380354	Cellulomonas sp. URHE0023	
ENVO:00005750	NCBITaxon:1380355	Bradyrhizobium sp. URHD0069	
ENVO:00005750	NCBITaxon:1380356	Blastococcus sp. URHD0036	
ENVO:00005750	NCBITaxon:1380357	Rhodospirillales bacterium URHD0017	
ENVO:00005750	NCBITaxon:1380385	Variovorax sp. URHB0020	
ENVO:00005750	NCBITaxon:1380386	Mycobacterium sp. URHB0044	
ENVO:00005750	NCBITaxon:1380388	Nocardioides sp. URHA0032	
ENVO:00005750	NCBITaxon:1380389	Sphingomonas sp. URHD0057	
ENVO:00005774	NCBITaxon:303	Pseudomonas putida	PREGO
ENVO:00005774	NCBITaxon:471857	Saccharomonospora viridis DSM 43017	PREGO
ENVO:00005774	NCBITaxon:69370	aureobacterium_trichothecenolyticum	PREGO
ENVO:00005774	NCBITaxon:103816	rhodococcus_pyridinivorans	
ENVO:00005774	NCBITaxon:1118379	mycobacterium_minnesotense	
ENVO:00005774	NCBITaxon:1173263	Synechococcus sp. PCC 7502	
ENVO:00005774	NCBITaxon:132476	pseudomonas_kilonensis	
ENVO:00005774	NCBITaxon:1387353	paludisphaera_borealis	
ENVO:00005774	NCBITaxon:1710	Cellulosimicrobium cellulans	
ENVO:00005774	NCBITaxon:227605	methylocella_tundrae	
ENVO:00005774	NCBITaxon:333368	Rhodoblastus sphagnicola	
ENVO:00005774	NCBITaxon:358766	methanoregula_boonei	
ENVO:00005774	NCBITaxon:360054	bryobacter_aggregatus	
ENVO:00005774	NCBITaxon:423350	Mucilaginibacter gracilis	
ENVO:00005774	NCBITaxon:423351	mucilaginibacter_paludis	
ENVO:00005774	NCBITaxon:474949	granulicella_aggregans	
ENVO:00005774	NCBITaxon:474950	granulicella_pectinivorans	
ENVO:00005774	NCBITaxon:474951	granulicella_paludicola	
ENVO:00005774	NCBITaxon:474952	granulicella_rosea	
ENVO:00005774	NCBITaxon:474953	telmatobacter_bradus	
ENVO:00005774	NCBITaxon:546115	microbacterium_ginsengiterrae	
ENVO:00005774	NCBITaxon:555372	actinaurispora_siamensis	
ENVO:00005774	NCBITaxon:643672	singulisphaera_rosea	
ENVO:00005774	NCBITaxon:70775	pseudomonas_plecoglossicida	
ENVO:00005774	NCBITaxon:863522	Bryocella elongata	
ENVO:01000164	NCBITaxon:1028800	Neorhizobium galegae bv. orientalis str. HAMBI 540	
ENVO:01000164	NCBITaxon:1223566	Bradyrhizobium sp. CCGE-LA001	
ENVO:01000164	NCBITaxon:1274631	Bradyrhizobium icense	
ENVO:01000164	NCBITaxon:1703960	Rhizobium sp. N113	
ENVO:01000164	NCBITaxon:1703961	Rhizobium sp. N1314	
ENVO:01000164	NCBITaxon:1703962	Rhizobium sp. N1341	
ENVO:01000164	NCBITaxon:1703963	Rhizobium sp. N561	
ENVO:01000164	NCBITaxon:1703964	Rhizobium sp. N621	
ENVO:01000164	NCBITaxon:1703965	Rhizobium sp. N6212	
ENVO:01000164	NCBITaxon:1703966	Rhizobium sp. N731	
ENVO:01000164	NCBITaxon:1703967	Rhizobium sp. N741	
ENVO:01000164	NCBITaxon:1703968	Rhizobium sp. N871	
ENVO:01000164	NCBITaxon:1703969	Rhizobium sp. N324	
ENVO:01000164	NCBITaxon:1703970	Rhizobium sp. N541	
ENVO:01000164	NCBITaxon:1703971	Rhizobium sp. N941	
ENVO:01000164	NCBITaxon:1825933	Rhizobium sp. WYCCWR10014	
ENVO:01000164	NCBITaxon:194963	sinorhizobium_americanum	
ENVO:01000164	NCBITaxon:273251	burkholderia_sabiae	
ENVO:01000164	NCBITaxon:291602	kribbella_lupini	
ENVO:01000164	NCBITaxon:298653	Frankia sp. EAN1pec	
ENVO:01000164	NCBITaxon:314237	Phyllobacterium leguminum	
ENVO:01000164	NCBITaxon:314238	Phyllobacterium ifriqiyense	
ENVO:01000164	NCBITaxon:391287	ochrobactrum_ciceri	
ENVO:01000164	NCBITaxon:396	rhizobium_phaseoli	
ENVO:01000164	NCBITaxon:407152	ochrobactrum_cytisi	
ENVO:01000230	NCBITaxon:1052585	Bacillus subtilis subsp. spizizenii TU-B-10	
ENVO:01000230	NCBITaxon:1121377	Deinococcus apachensis DSM 19763	
ENVO:01000230	NCBITaxon:1123226	Saccharibacillus kuerlensis DSM 22868	
ENVO:01000230	NCBITaxon:1123233	Salinicoccus luteus DSM 17002	
ENVO:01000230	NCBITaxon:1124780	Nafulsella turpanensis ZLM-10	
ENVO:01000230	NCBITaxon:1217418	Cupriavidus necator HPC(L)	
ENVO:01000230	NCBITaxon:1220591	Bacillus sonorensis NBRC 101234, KCTC 13918	
ENVO:01000230	NCBITaxon:1229491	Bradyrhizobium lupini HPC(L)	
ENVO:01000230	NCBITaxon:1236548	Bacillus subtilis inaquosorum KCTC 13429	
ENVO:01000230	NCBITaxon:1246461	Nocardiopsis alkaliphila YIM 80379	
ENVO:01000230	NCBITaxon:1390361	Ochrobactrum sp. EGD-AQ16	
ENVO:01000230	NCBITaxon:1392	bacillus_anthracis	
ENVO:01000230	NCBITaxon:1408191	corynebacterium_deserti	
ENVO:01000230	NCBITaxon:145996	Kibdelosporangium aridum largum DSM 44150	
ENVO:01000230	NCBITaxon:1487861	Actinopolyspora sp. M5A	
ENVO:01000230	NCBITaxon:1696072	Microbacterium sp. CGR1	
ENVO:01000230	NCBITaxon:173560	saccharothrix_algeriensis	
ENVO:01000230	NCBITaxon:232991	Calothrix desertica PCC 7102	
ENVO:01000230	NCBITaxon:253160	planococcus_stackebrandtii	
ENVO:01000230	NCBITaxon:272918	nesterenkonia_sandarakina	
ENVO:01000230	NCBITaxon:28214	rhizomonas_sp	
ENVO:01000230	NCBITaxon:285444	microellobosporia_grisea	
ENVO:01000230	NCBITaxon:306543	paenibacillus_harenae	
ENVO:01000230	NCBITaxon:309889	deinococcus_yavapaiensis	
ENVO:01000230	NCBITaxon:309890	deinococcus_papagonensis	
ENVO:01000256	NCBITaxon:1001240	cryobacterium_roopkundense	
ENVO:01000256	NCBITaxon:1190417	geodermatophilus_telluris	
ENVO:01000256	NCBITaxon:1260359	Enterococcus faecalis 06-MB-S-04	
ENVO:01000256	NCBITaxon:1302659	Planococcus versutus	
ENVO:01000256	NCBITaxon:1323664	Paraburkholderia caribensis MBA4	
ENVO:01000256	NCBITaxon:145996	Kibdelosporangium aridum largum DSM 44150	
ENVO:01000256	NCBITaxon:151654	cupriavidus_laharis	
ENVO:01000256	NCBITaxon:159346	roseibacterium_elongatum	
ENVO:01000256	NCBITaxon:168695	salinispora_tropica	
ENVO:01000256	NCBITaxon:168697	salinispora_arenicola	
ENVO:01000256	NCBITaxon:1788301	Pseudomonas versuta	
ENVO:01000256	NCBITaxon:1902251	Natrialbaceae archaeon JW/NM-HA 15	
ENVO:01000256	NCBITaxon:248026	cupriavidus_pinatubonensis	
ENVO:01000256	NCBITaxon:28254	alteromonas_communis	
ENVO:01000256	NCBITaxon:309483	exiguobacterium_soli	
ENVO:01000256	NCBITaxon:345632	geobacter_pickeringii	
ENVO:01000256	NCBITaxon:400091	hymenobacter_xinjiangensis	
ENVO:01000256	NCBITaxon:400092	Pontibacter korlensis	
ENVO:01000256	NCBITaxon:404385	nonomuraea_bangladeshensis	
ENVO:01000256	NCBITaxon:404386	nonomuraea_coxensis	
ENVO:01000256	NCBITaxon:454148	Roseibacillus persicicus	
ENVO:01000256	NCBITaxon:472166	brevundimonas_basaltis	
ENVO:01000256	NCBITaxon:472181	pseudomonas_sabulinigri	
ENVO:01000256	NCBITaxon:472183	Shewanella basaltis	
ENVO:01000256	NCBITaxon:472186	vibrio_areninigrae	
ENVO:01000306	NCBITaxon:272627	Magnetospirillum magnetotacticum MS-1	PREGO
ENVO:01000306	NCBITaxon:1000565	Methyloversatilis universalis FAM5	
ENVO:01000306	NCBITaxon:1052014	natronococcus_roseus	
ENVO:01000306	NCBITaxon:1052258	arenimonas_daechungensis	
ENVO:01000306	NCBITaxon:1054202	Rhodobacter viridis	
ENVO:01000306	NCBITaxon:1055487	methylotenera_versatilis	
ENVO:01000306	NCBITaxon:106634	thialkalivibrio_versutus	
ENVO:01000306	NCBITaxon:1069448	Nitriliruptor alkaliphilus DSM 45188	
ENVO:01000306	NCBITaxon:1076	rhodopseudomonas_palustris	
ENVO:01000306	NCBITaxon:107637	Methylomonas sp. LW13	
ENVO:01000306	NCBITaxon:1091494	Methylomicrobium alcaliphilum 20Z	
ENVO:01000306	NCBITaxon:1116472	Methyloglobulus morosus KoM1	
ENVO:01000306	NCBITaxon:1123239	Salsuginibacillus kocurii DSM 18087	
ENVO:01000306	NCBITaxon:1125973	Bosea sp. 117	
ENVO:01000306	NCBITaxon:1131703	Sphaerochaeta globosa	
ENVO:01000306	NCBITaxon:1131707	Sphaerochaeta pleomorpha	
ENVO:01000306	NCBITaxon:1201295	Shewanella sp. POL2	
ENVO:01000306	NCBITaxon:1202456	Bacillus sp. Aph1	
ENVO:01000306	NCBITaxon:120377	salana_multivorans	
ENVO:01000306	NCBITaxon:1215095	Pseudomonas chlororaphis aureofaciens NBRC 3521	
ENVO:01000306	NCBITaxon:1219011	Rhodococcus coprophilus DSM 43347	
ENVO:01000306	NCBITaxon:1221522	Pseudomonas fluorescens NCIMB 11764	
ENVO:01000306	NCBITaxon:1223534	Sphingobium amiense NBRC 102518	
ENVO:01000306	NCBITaxon:1225127	geodermatophilus_taihuensis	
ENVO:01000306	NCBITaxon:1226994	Pseudomonas nitroreducens TX1	
ENVO:01000357	NCBITaxon:1122214	Martelella mediterranea DSM 17316	
ENVO:01000357	NCBITaxon:1216008	amphibacillus_jilinensis	
ENVO:01000357	NCBITaxon:1246448	Nocardiopsis valliformis DSM 45023	
ENVO:01000357	NCBITaxon:129961	Spirulina major PCC 6313	
ENVO:01000357	NCBITaxon:254410	bacillus_aurantiacus	
ENVO:01000357	NCBITaxon:292807	desulfonatronum_cooperativum	
ENVO:01000357	NCBITaxon:293256	desulfovibrio_alkalitolerans	
ENVO:01000357	NCBITaxon:376219	Arthrospira sp. PCC 8005	
ENVO:01000357	NCBITaxon:406100	aquisalimonas_asiatica	
ENVO:01000357	NCBITaxon:442899	Halolactibacillus alkaliphilus	
ENVO:01000357	NCBITaxon:517424	salsuginibacillus_halophilus	
ENVO:01000357	NCBITaxon:540251	rhodovulum_steppense	
ENVO:01000357	NCBITaxon:579922	Indibacter alkaliphilus	
ENVO:01000357	NCBITaxon:582402	Hirschia baltica ATCC 49814	
ENVO:01000357	NCBITaxon:694430	Natronococcus occultus SP4	
ENVO:01000357	NCBITaxon:702568	Litoribacter ruber	
ENVO:01000357	NCBITaxon:760568	Desulfofundulus kuznetsovii DSM 6115	
ENVO:01000357	NCBITaxon:849756	Mongoliitalea lutea	
ENVO:01000357	NCBITaxon:889378	Spirochaeta africana DSM 8902	
ENVO:01000357	NCBITaxon:927658	Alkaliflexus imshenetskii Z-7010, DSM 15055	
ENVO:01000357	NCBITaxon:94122	Shewanella sp. ANA-3	
ENVO:01000357	NCBITaxon:942938	Alkalispirochaeta alkalica DSM 8900	
ENVO:01000357	NCBITaxon:957042	fuchsiella_alkaliacetigena	
ENVO:01000628	NCBITaxon:1071400	Lactobacillus buchneri CD034	
ENVO:01000628	NCBITaxon:1120994	anaerosphaera_aminiphila	
ENVO:01000628	NCBITaxon:1144750	olleya_namhaensis	
ENVO:01000628	NCBITaxon:1193095	Lactobacillus hokkaidonensis	
ENVO:01000628	NCBITaxon:1291742	Lactobacillus hokkaidonensis JCM 18461	
ENVO:01000628	NCBITaxon:179095	microbacterium_ulmi	
ENVO:01000628	NCBITaxon:228973	xylanibacterium_ulmi	
ENVO:01000628	NCBITaxon:272161	arthrobacter_stackebrandtii	
ENVO:01000628	NCBITaxon:328839	Azospirillum melinis	
ENVO:01000628	NCBITaxon:332977	Parapedobacter koreensis	
ENVO:01000628	NCBITaxon:392838	bacteroides_propionicifaciens	
ENVO:01000628	NCBITaxon:393664	rhizobium_cellulosilyticum	
ENVO:01000628	NCBITaxon:454153	Luteolibacter pohnpeiensis	
ENVO:01000628	NCBITaxon:456299	chryseobacterium_gregarium	
ENVO:01000628	NCBITaxon:542300	acidicapsa_ligni	
ENVO:01000628	NCBITaxon:573737	pandoraea_oxalativorans	
ENVO:01000628	NCBITaxon:663386	pseudonocardia_babensis	
ENVO:01000628	NCBITaxon:755731	Clostridium sp. BNL1100	
ENVO:01000628	NCBITaxon:946336	acidicapsa_borealis	
ENVO:01001001	NCBITaxon:1002809	Solibacillus silvestris StLB046	
ENVO:01001001	NCBITaxon:1003091	methylobacterium_thuringiense	
ENVO:01001001	NCBITaxon:1003092	Methylobacterium trifolii	
ENVO:01001001	NCBITaxon:1003237	Nitrospirillum amazonense Y2	
ENVO:01001001	NCBITaxon:1004279	mesorhizobium_muleiense	
ENVO:01001001	NCBITaxon:1005048	Collimonas fungivorans Ter331	
ENVO:01001001	NCBITaxon:1005527	Escherichia coli EC4421	
ENVO:01001001	NCBITaxon:1005528	Escherichia coli EC4422	
ENVO:01001001	NCBITaxon:1005996	Raoultella planticola ATCC 33531	
ENVO:01001001	NCBITaxon:1006155	listeria_weihenstephanensis	
ENVO:01001001	NCBITaxon:1006551	Klebsiella michiganensis KCTC 1686	
ENVO:01001001	NCBITaxon:1007656	Pseudomonas fluorescens Wayne1	
ENVO:01001001	NCBITaxon:1009853	Xanthomonas oryzae X11-5A	
ENVO:01001001	NCBITaxon:1009854	Xanthomonas oryzae X8-1A	
ENVO:01001001	NCBITaxon:1010610	methylobacterium_gnaphalii	
ENVO:01001001	NCBITaxon:101571	burkholderia_ubonensis	
ENVO:01001001	NCBITaxon:102897	Frankia sp. EUN1f	
ENVO:01001001	NCBITaxon:1031711	Ralstonia solanacearum Po82	
ENVO:01001001	NCBITaxon:103232	streptomyces_ipomoeae	
ENVO:01001001	NCBITaxon:1036778	bosea_lathyri	
ENVO:01001001	NCBITaxon:1036779	bosea_lupini	
ENVO:01001001	NCBITaxon:1036780	bosea_robiniae	
ENVO:01001001	NCBITaxon:1037911	Pseudomonas fluorescens A506	
ENVO:01001001	NCBITaxon:1038922	Pseudomonas fluorescens Q2-87	
ENVO:01001001	NCBITaxon:1038923	Pseudomonas fluorescens Q8r1-96	
ENVO:01001002	NCBITaxon:1001	flexibacter_polymorphus	
ENVO:01001002	NCBITaxon:1001732	Mycobacterium abscessus 5S-0921	
ENVO:01001002	NCBITaxon:1004165	Photorhabdus luminescens caribbeanensis HG29	
ENVO:01001002	NCBITaxon:1004166	Photorhabdus luminescens hainanensis C8404	
ENVO:01001002	NCBITaxon:102862	proteus_penneri	
ENVO:01001002	NCBITaxon:1028805	Haemophilus haemolyticus M21621	
ENVO:01001002	NCBITaxon:1049564	endosymbiont of Tevnia jerichonana (vent Tica)	
ENVO:01001002	NCBITaxon:1084229	Yersinia pestis bv. Orientalis BA200901703	
ENVO:01001002	NCBITaxon:110933	leifsonia_poae	
ENVO:01001002	NCBITaxon:1123042	Photorhabdus temperata stackebrandtii GPS11	
ENVO:01001002	NCBITaxon:1123520	Neisseria meningitidis DE9686	
ENVO:01001002	NCBITaxon:1123521	Neisseria meningitidis DE9622	
ENVO:01001002	NCBITaxon:1123522	Neisseria meningitidis DE9938	
ENVO:01001002	NCBITaxon:1125973	Bosea sp. 117	
ENVO:01001002	NCBITaxon:1128912	Paraglaciecola mesophila KMM 241	
ENVO:01001002	NCBITaxon:1136416	Salinispora pacifica CNT001	
ENVO:01001002	NCBITaxon:1137251	Salinispora arenicola CNH905	
ENVO:01001002	NCBITaxon:1137255	Salinispora arenicola CNT005	
ENVO:01001002	NCBITaxon:1137257	Salinispora arenicola CNX508	
ENVO:01001002	NCBITaxon:1156842	Streptomyces sp. LaPpAH-180	
ENVO:01001002	NCBITaxon:115862	mycobacterium_caprae	
ENVO:01001002	NCBITaxon:1159489	Cronobacter sakazakii 2151	
ENVO:01001002	NCBITaxon:1187845	Vibrio genomosp. F10 9ZB36	
ENVO:01001002	NCBITaxon:1187846	Vibrio genomosp. F10 9ZD137	
ENVO:01001002	NCBITaxon:1187847	Vibrio genomosp. F10 9ZC157	
ENVO:01001004	NCBITaxon:100	ancylobacter_aquaticus	
ENVO:01001004	NCBITaxon:1001240	cryobacterium_roopkundense	
ENVO:01001004	NCBITaxon:1008	saprospira_grandis	
ENVO:01001004	NCBITaxon:102	flectobacillus_glomeratus	
ENVO:01001004	NCBITaxon:1056810	aquaspirillum_fasciculus	
ENVO:01001004	NCBITaxon:1069080	Succinispira mobilis DSM 6222	
ENVO:01001004	NCBITaxon:1069082	Halomicrobium katesii DSM 19301	
ENVO:01001004	NCBITaxon:1074	rhodoblastus_acidophilus	
ENVO:01001004	NCBITaxon:1076	rhodopseudomonas_palustris	
ENVO:01001004	NCBITaxon:107633	Methylocystis sp. LW5	
ENVO:01001004	NCBITaxon:107635	Methylosinus sp. LW3	
ENVO:01001004	NCBITaxon:107636	Methylosinus sp. PW1	
ENVO:01001004	NCBITaxon:1076412	Pelosinus defluvii	
ENVO:01001004	NCBITaxon:1077976	Gordonia polyisoprenivorans Kd2	
ENVO:01001004	NCBITaxon:1081640	Sphingomonas elodea ATCC 31461	
ENVO:01001004	NCBITaxon:108619	salmonella_newport	
ENVO:01001004	NCBITaxon:1089433	Francisella noatunensis subsp. noatunensis FSC772	
ENVO:01001004	NCBITaxon:1094	chlorobium_phaeovibrioides	
ENVO:01001004	NCBITaxon:1096091	Labrys methylaminiphilus JLW10	
ENVO:01001004	NCBITaxon:1100720	Limnohabitans sp. Rim28	
ENVO:01001004	NCBITaxon:1100721	Limnohabitans sp. Rim47	
ENVO:01001004	NCBITaxon:1104324	pyrobaculum_ferrireducens	
ENVO:01001004	NCBITaxon:1111728	Budvicia aquatica DSM 5075, ATCC 35567	
ENVO:01001004	NCBITaxon:1112	porphyrobacter_neustonensis	
ENVO:01001004	NCBITaxon:1112272	Hyphomicrobium sp. 802	
ENVO:01001029	NCBITaxon:1027633	enteractinococcus_coprophilus	
ENVO:01001029	NCBITaxon:1031746	Campylobacter hyointestinalis subsp. hyointestinalis LMG 9260	
ENVO:01001029	NCBITaxon:106649	acinetobacter_guillouiae	
ENVO:01001029	NCBITaxon:1080712	methanomassiliicoccus_luminyensis	
ENVO:01001029	NCBITaxon:1099853	coprobacter_fastidiosus	
ENVO:01001029	NCBITaxon:1108812	Mycobacterium longobardum	
ENVO:01001029	NCBITaxon:1121025	Atopostipes suicloacalis DSM 15692	
ENVO:01001029	NCBITaxon:1121423	Desulfotomaculum alkaliphilum DSM 12257	
ENVO:01001029	NCBITaxon:1121950	Hespellia stercorisuis DSM 15480	
ENVO:01001029	NCBITaxon:1150298	fusicatenibacter_saccharivorans	
ENVO:01001029	NCBITaxon:1160721	Ruminococcus bicirculans	
ENVO:01001029	NCBITaxon:1161942	ruminococcus_champanellensis	
ENVO:01001029	NCBITaxon:1203033	Lactobacillus hominis	
ENVO:01001029	NCBITaxon:1242245	Acinetobacter johnsonii XBB1	
ENVO:01001029	NCBITaxon:1254	Pediococcus acidilactici	
ENVO:01001029	NCBITaxon:1254439	Bifidobacterium thermophilum RBL67	
ENVO:01001029	NCBITaxon:126385	providencia_alcalifaciens	
ENVO:01001029	NCBITaxon:1278308	Zimmermannella faecalis ATCC 13722	
ENVO:01001029	NCBITaxon:1288	Staphylococcus xylosus	
ENVO:01001029	NCBITaxon:1295009	Candidatus Methanomassiliicoccus intestinalis Issoire-Mx1	
ENVO:01001029	NCBITaxon:1297617	intestinimonas_butyriciproducens	
ENVO:01001029	NCBITaxon:1324350	Acinetobacter equi	
ENVO:01001029	NCBITaxon:1341692	Clostridium autoethanogenum DSM 10061	
ENVO:01001029	NCBITaxon:1352	Enterococcus faecium	
ENVO:01001029	NCBITaxon:137357	Lactobacillus equi	
ENVO:01001040	NCBITaxon:104205	streptomonospora_salina	
ENVO:01001040	NCBITaxon:1307761	salinispira_pacifica	
ENVO:01001040	NCBITaxon:1333523	Salinarchaeum sp. Harcht-Bsk1	
ENVO:01001040	NCBITaxon:1354791	Halorhodospira halochloris A	
ENVO:01001040	NCBITaxon:148449	halopiger_aswanensis	
ENVO:01001040	NCBITaxon:1592728	Haloarcula sp. CBA1115	
ENVO:01001040	NCBITaxon:1868325	Prosthecochloris sp. CIB 2401	
ENVO:01001040	NCBITaxon:2177	methanohalophilus_halophilus	
ENVO:01001040	NCBITaxon:280236	nocardiopsis_gilva	
ENVO:01001040	NCBITaxon:280237	nocardiopsis_rosea	
ENVO:01001040	NCBITaxon:280238	nocardiopsis_rhodophaea	
ENVO:01001040	NCBITaxon:280239	nocardiopsis_chromatogenes	
ENVO:01001040	NCBITaxon:280240	nocardiopsis_baichengensis	
ENVO:01001040	NCBITaxon:284578	lentibacillus_salarius	
ENVO:01001040	NCBITaxon:284579	bacillus_salarius	
ENVO:01001040	NCBITaxon:284580	bacillus_seohaeanensis	
ENVO:01001040	NCBITaxon:333138	bacillus_okhensis	
ENVO:01001040	NCBITaxon:342944	sinobaca_qinghaiensis	
ENVO:01001040	NCBITaxon:349124	Halorhodospira halophila SL1	
ENVO:01001040	NCBITaxon:463301	halomonas_korlensis	
ENVO:01001040	NCBITaxon:470864	gracilibacillus_halophilus	
ENVO:01001040	NCBITaxon:470866	salinimicrobium_terrae	
ENVO:01001040	NCBITaxon:507626	Halomonas chromatireducens	
ENVO:01001040	NCBITaxon:511062	Oceanimonas sp. GK1	
ENVO:01001040	NCBITaxon:531814	gracilibacillus_ureilyticus	
ENVO:01001041	NCBITaxon:1030145	Pseudomonas tolaasii PMS117	
ENVO:01001041	NCBITaxon:1161101	Pseudomonas tolaasii 6264	
ENVO:01001041	NCBITaxon:1188261	Bacillus marmarensis DSM 21297	
ENVO:01001041	NCBITaxon:1189289	Pseudomonas sp. NS1	
ENVO:01001041	NCBITaxon:1224163	Corynebacterium maris DSM 45190	
ENVO:01001041	NCBITaxon:1300914	Mucilaginibacter sp. PAMC 26640	
ENVO:01001041	NCBITaxon:1310431	Bacillus subtilis subtilis MP11	
ENVO:01001041	NCBITaxon:1349767	Janthinobacterium agaricidamnosum NBRC 102515 = DSM 9628	
ENVO:01001041	NCBITaxon:1484116	Hymenobacter sp. PAMC 26554	
ENVO:01001041	NCBITaxon:1484118	Hymenobacter sp. PAMC 26628	
ENVO:01001041	NCBITaxon:158899	collimonas_fungivorans	
ENVO:01001041	NCBITaxon:1792307	Bosea sp. PAMC 26642	
ENVO:01001041	NCBITaxon:1795053	Microbacterium sp. PAMC 28756	
ENVO:01001041	NCBITaxon:1795630	Frondihabitans sp. PAMC 28766	
ENVO:01001041	NCBITaxon:1795631	Variovorax sp. PAMC 28711	
ENVO:01001041	NCBITaxon:1911	actinomyces_griseus	
ENVO:01001041	NCBITaxon:345341	Kutzneria sp. 744	
ENVO:01001041	NCBITaxon:417203	burkholderia_endofungorum	
ENVO:01001041	NCBITaxon:463794	Pseudomonas fluorescens BBc6R8	
ENVO:01001041	NCBITaxon:53445	streptomyces_canescens	
ENVO:01001041	NCBITaxon:564421	Pseudomonas fluorescens NZ052	
ENVO:01001041	NCBITaxon:564422	Pseudomonas fluorescens NZ17	
ENVO:01001041	NCBITaxon:564423	Pseudomonas tolaasii NCPPB 2192	
ENVO:01001041	NCBITaxon:570936	pseudonocardia_parietis	
ENVO:01001041	NCBITaxon:588067	prauserella_muralis	
ENVO:02500019	NCBITaxon:102127	Geitlerinema sp. ATCC 29120	
ENVO:02500019	NCBITaxon:104269	tenacibaculum_amylolyticum	
ENVO:02500019	NCBITaxon:1044	erythrobacter_longus	
ENVO:02500019	NCBITaxon:1087449	aquimarina_agarilytica	
ENVO:02500019	NCBITaxon:1121011	Arenibacter certesii DSM 19833	
ENVO:02500019	NCBITaxon:1122135	Kiloniella laminariae DSM 19542	
ENVO:02500019	NCBITaxon:1122191	Maribacter antarcticus DSM 21422	
ENVO:02500019	NCBITaxon:1128113	Algimonas porphyrae	
ENVO:02500019	NCBITaxon:113355	Geminocystis herdmanii PCC 6308	
ENVO:02500019	NCBITaxon:1137780	Polaribacter porphyrae	
ENVO:02500019	NCBITaxon:1141221	Chryseobacterium taihuense	
ENVO:02500019	NCBITaxon:1142394	Phycisphaera mikurensis NBRC 102666	
ENVO:02500019	NCBITaxon:1154763	Oceanicaulis sp. NGOC	
ENVO:02500019	NCBITaxon:1156985	epibacterium_ulvae	
ENVO:02500019	NCBITaxon:1158132	Bordetella sp. NGBO	
ENVO:02500019	NCBITaxon:1158134	Roseobacter sp. NGRO	
ENVO:02500019	NCBITaxon:1170562	Calothrix sp. PCC 6303	
ENVO:02500019	NCBITaxon:1236544	Shewanella algae NBRC 103173	
ENVO:02500019	NCBITaxon:1279017	Microbulbifer variabilis ATCC 700307	
ENVO:02500019	NCBITaxon:1314	Streptococcus pyogenes	
ENVO:02500019	NCBITaxon:152297	pseudoalteromonas_issachenkonii	
ENVO:02500019	NCBITaxon:1842533	Acidovorax sp. RAC01	
ENVO:02500019	NCBITaxon:1842534	Sinorhizobium sp. RAC02	
ENVO:02500019	NCBITaxon:1842535	Blastomonas sp. RAC04	
ENVO:02500019	NCBITaxon:1842536	Agrobacterium sp. RAC06	
ENVO:02500038	NCBITaxon:101510	Rhodococcus jostii RHA1	
ENVO:02500038	NCBITaxon:102170	desulfotomaculum_sapomandens	
ENVO:02500038	NCBITaxon:1027371	Gordonia alkanivorans NBRC 16433	
ENVO:02500038	NCBITaxon:1033922	Rhodococcus sp. WB1	
ENVO:02500038	NCBITaxon:104087	pseudomonas_frederiksbergensis	
ENVO:02500038	NCBITaxon:1042209	Pseudomonas fluorescens HK44	
ENVO:02500038	NCBITaxon:1045855	Pseudoxanthomonas spadix BD-a59	
ENVO:02500038	NCBITaxon:1074493	Sphingobium yanoikuyae XLDN2-5	
ENVO:02500038	NCBITaxon:1096243	Idiomarina piscisalsi	
ENVO:02500038	NCBITaxon:1096930	Novosphingobium lindaniclasticum LE124	
ENVO:02500038	NCBITaxon:1114960	Rhodococcus pyridinivorans AK37	
ENVO:02500038	NCBITaxon:1120977	Alkanindiges illinoisensis DSM 15370	
ENVO:02500038	NCBITaxon:1123258	Smaragdicoccus niigatensis DSM 44881	
ENVO:02500038	NCBITaxon:1129896	Rhodococcus opacus M213	
ENVO:02500038	NCBITaxon:1161100	Flavobacterium lindanitolerans CIP 109890	
ENVO:02500038	NCBITaxon:1165867	Rhodococcus imtechensis RKJ300	
ENVO:02500038	NCBITaxon:1172194	Hydrocarboniphaga effusa AP103	
ENVO:02500038	NCBITaxon:1173481	Pseudomonas sp. DrzB1_18_61a	
ENVO:02500038	NCBITaxon:117567	mycobacterium_frederiksbergense	
ENVO:02500038	NCBITaxon:1193501	Pseudomonas aeruginosa SJTD-1	
ENVO:02500038	NCBITaxon:1194669	Pseudomonas aeruginosa N002	
ENVO:02500038	NCBITaxon:1200345	Pseudomonas stutzeri XLDN-R	
ENVO:02500038	NCBITaxon:1203471	geobacter_daltonii	
ENVO:02500038	NCBITaxon:1210069	Nocardia coubleae NBRC 108252	
ENVO:02500038	NCBITaxon:1215103	Pseudomonas indica NBRC 103045	
ENVO:03000033	NCBITaxon:1003110	verrucosispora_maris	
ENVO:03000033	NCBITaxon:1005925	Kordiimonas aestuarii	
ENVO:03000033	NCBITaxon:1005926	Muricauda taeanensis	
ENVO:03000033	NCBITaxon:1005928	roseovarius_lutimaris	
ENVO:03000033	NCBITaxon:1006	flexibacter_tractuosus	
ENVO:03000033	NCBITaxon:1007105	Pusillimonas sp. T7-7	
ENVO:03000033	NCBITaxon:1017277	exiguobacterium_enclense	
ENVO:03000033	NCBITaxon:1027373	Nitrosopumilus sp. AR	
ENVO:03000033	NCBITaxon:1027374	Nitrosopumilus sp. SJ	
ENVO:03000033	NCBITaxon:1028566	Sulfolobus acidocaldarius N8	
ENVO:03000033	NCBITaxon:1028742	Altererythrobacter gangjinensis	
ENVO:03000033	NCBITaxon:1028743	Arenibacter hampyeongensis	
ENVO:03000033	NCBITaxon:1028745	Aestuariibaculum suncheonense	
ENVO:03000033	NCBITaxon:1028746	Gramella aestuarii	
ENVO:03000033	NCBITaxon:1028749	Microbulbifer gwangyangensis	
ENVO:03000033	NCBITaxon:1028752	Shewanella aestuarii	
ENVO:03000033	NCBITaxon:1031273	Gaetbulibacter lutimaris	
ENVO:03000033	NCBITaxon:1031541	tropicimonas_sediminicola	
ENVO:03000033	NCBITaxon:1038845	flavobacterium_rakeshii	
ENVO:03000033	NCBITaxon:1038928	streptomyces_xinghaiensis	
ENVO:03000033	NCBITaxon:1038929	Streptomyces xinghaiensis S187	
ENVO:03000033	NCBITaxon:1042877	Thermococcus sp. 4557	
ENVO:03000033	NCBITaxon:1045558	Neptunomonas qingdaonensis	
ENVO:03000033	NCBITaxon:1048	marichromatium_gracile	
ENVO:03000033	NCBITaxon:1048221	Mucilaginibacter litoreus	
ENVO:08000002	NCBITaxon:102148	solobacterium_moorei	
ENVO:08000002	NCBITaxon:1032505	Fusobacterium sp. OBRC1	
ENVO:08000002	NCBITaxon:1032623	Otariodibacter oris	
ENVO:08000002	NCBITaxon:1035188	Haemophilus pittmaniae HK 85	
ENVO:08000002	NCBITaxon:1035196	Peptostreptococcus anaerobius VPI 4330	
ENVO:08000002	NCBITaxon:1035839	Haemophilus parainfluenzae CCUG 13788	
ENVO:08000002	NCBITaxon:1069221	mycobacterium_parakoreense	
ENVO:08000002	NCBITaxon:1071947	pasteurella_oralis	
ENVO:08000002	NCBITaxon:1074112	Streptococcus mutans TCI-99	
ENVO:08000002	NCBITaxon:1080071	Streptococcus orisasini	
ENVO:08000002	NCBITaxon:1080072	Streptococcus dentasini	
ENVO:08000002	NCBITaxon:1095727	Streptococcus sp. SK643	
ENVO:08000002	NCBITaxon:110845	Jeotgalicoccus pinnipedialis	
ENVO:08000002	NCBITaxon:111015	Actinomyces radicidentis	
ENVO:08000002	NCBITaxon:1110546	Veillonella tobetsuensis	
ENVO:08000002	NCBITaxon:1111760	Streptococcus troglodytae	
ENVO:08000002	NCBITaxon:1114965	Streptococcus parasanguinis FW213	
ENVO:08000002	NCBITaxon:1115809	Prevotella baroniae F0067	
ENVO:08000002	NCBITaxon:1117644	Mycoplasma canis PG 14	
ENVO:08000002	NCBITaxon:1120942	Actinomyces georgiae DSM 6843	
ENVO:08000002	NCBITaxon:1120979	Alloscardovia omnicolens DSM 21503	
ENVO:08000002	NCBITaxon:1121268	Campylobacter curvus DSM 6644	
ENVO:08000002	NCBITaxon:1122171	Leptotrichia hofstadii DSM 21651	
ENVO:08000002	NCBITaxon:1122174	Leptotrichia wadei DSM 19758	
ENVO:08000002	NCBITaxon:1122980	Prevotella baroniae DSM 16972	
ENVO:2100002	NCBITaxon:1045010	Escherichia coli O157	PREGO
ENVO:2100002	NCBITaxon:1265	ruminococcus_flavefaciens	PREGO
ENVO:2100002	NCBITaxon:1280	Staphylococcus aureus	PREGO
ENVO:2100002	NCBITaxon:1304	Streptococcus salivarius	PREGO
ENVO:2100002	NCBITaxon:1335	Streptococcus equinus	PREGO
ENVO:2100002	NCBITaxon:1351	Enterococcus faecalis	PREGO
ENVO:2100002	NCBITaxon:1352	Enterococcus faecium	PREGO
ENVO:2100002	NCBITaxon:1396	Bacillus cereus	PREGO
ENVO:2100002	NCBITaxon:1408	Bacillus pumilus	PREGO
ENVO:2100002	NCBITaxon:145262	Methanothermobacter thermautotrophicus	PREGO
ENVO:2100002	NCBITaxon:1492	clostridium_butyricum	PREGO
ENVO:2100002	NCBITaxon:1496	Clostridium difficile	PREGO
ENVO:2100002	NCBITaxon:1502	Clostridium perfringens	PREGO
ENVO:2100002	NCBITaxon:150248	Anoxybacillus pushchinensis	PREGO
ENVO:2100002	NCBITaxon:1504	clostridium_septicum	PREGO
ENVO:2100002	NCBITaxon:1526	clostridium_aminophilum	PREGO
ENVO:2100002	NCBITaxon:1561	clostridium_barati	PREGO
ENVO:2100002	NCBITaxon:1580	Lactobacillus brevis	PREGO
ENVO:2100002	NCBITaxon:1587	Lactobacillus helveticus	PREGO
ENVO:2100002	NCBITaxon:1590	Lactobacillus plantarum	PREGO
ENVO:2100002	NCBITaxon:1596	Lactobacillus gasseri	PREGO
ENVO:2100002	NCBITaxon:1598	Lactobacillus reuteri	PREGO
ENVO:2100002	NCBITaxon:1613	Lactobacillus fermentum	PREGO
ENVO:2100002	NCBITaxon:1624	Lactobacillus salivarius	PREGO
ENVO:2100002	NCBITaxon:163	treponema_bryantii	PREGO
ENVO:2100003	NCBITaxon:312286	Trueperella bonasi	PREGO
ENVO:2100003	NCBITaxon:322095	porphyromonas_somerae	PREGO
ENVO:2100003	NCBITaxon:1000590	Staphylococcus epidermidis 14.1.R1.SE	
ENVO:2100003	NCBITaxon:1008454	Staphylococcus epidermidis FS1	
ENVO:2100003	NCBITaxon:102148	solobacterium_moorei	
ENVO:2100003	NCBITaxon:1030841	Neisseria wadsworthii 9715	
ENVO:2100003	NCBITaxon:1049790	Leptospira inadai sv. Lyme 10	
ENVO:2100003	NCBITaxon:1050174	corynebacterium_epidermidicanis	
ENVO:2100003	NCBITaxon:1051006	Propionibacterium acnes SK182B-JCVI	
ENVO:2100003	NCBITaxon:1056807	morococcus_cerebrosus	
ENVO:2100003	NCBITaxon:1087453	Corynebacterium pseudotuberculosis 42/02-A	
ENVO:2100003	NCBITaxon:1088875	Francisella philomiragia FSC145	
ENVO:2100003	NCBITaxon:1089446	Corynebacterium pseudotuberculosis 267	
ENVO:2100003	NCBITaxon:1091045	Cutibacterium acnes subsp. defendens ATCC 11828	
ENVO:2100003	NCBITaxon:1115512	Atlantibacter hermannii NBRC 105704	
ENVO:2100003	NCBITaxon:1120941	Actinomyces dentalis DSM 19115	
ENVO:2100003	NCBITaxon:1120943	Actinomyces gerencseriae DSM 6844	
ENVO:2100003	NCBITaxon:1120944	Actinomyces israelii DSM 43320	
ENVO:2100003	NCBITaxon:1120946	Actinomyces suimastitidis DSM 15538	
ENVO:2100003	NCBITaxon:1120957	Aggregatibacter actinomycetemcomitans sv. C DSM 8324	
ENVO:2100003	NCBITaxon:1121100	Bacteroides pyogenes DSM 20611	
ENVO:2100003	NCBITaxon:1121370	Corynebacterium ulceribovis DSM 45146	
ENVO:2100003	NCBITaxon:1121387	Dermatophilus congolensis DSM 44180	
ENVO:2100003	NCBITaxon:1121485	Dysgonomonas capnocytophagoides DSM 22835	
ENVO:2100003	NCBITaxon:1121914	Gemella cuniculi DSM 15828	
FOODON:03420174	NCBITaxon:324057	Paenibacillus sp. JDR-2	
FOODON:03420174	NCBITaxon:399742	Enterobacter sp. 638	
FOODON:03420174	NCBITaxon:456493	saccharibacillus_sacchari	
FOODON:03420174	NCBITaxon:519050	Lactobacillus sucicola	
NCBITaxon:1	NCBITaxon:1001994	Candidatus Nitrosoarchaeum koreensis MY1	
NCBITaxon:1	NCBITaxon:1028800	Neorhizobium galegae bv. orientalis str. HAMBI 540	
NCBITaxon:1	NCBITaxon:1028801	Neorhizobium galegae bv. officinalis bv. officinalis str. HAMBI 1141	
NCBITaxon:1	NCBITaxon:1033992	Pseudomonas oleovorans MOIL14HWK12	
NCBITaxon:1	NCBITaxon:1033993	Pseudomonas sp. MOIL14HWK12:I1	
NCBITaxon:1	NCBITaxon:1033994	Pseudomonas sp. MOIL14HWK12:I2	
NCBITaxon:1	NCBITaxon:1038858	Azorhizobium doebereinerae UFLA1-100	
NCBITaxon:1	NCBITaxon:1038859	Bradyrhizobium elkanii WSM1741	
NCBITaxon:1	NCBITaxon:1038860	Bradyrhizobium elkanii WSM2783	
NCBITaxon:1	NCBITaxon:1038861	Bradyrhizobium japonicum USDA 122	
NCBITaxon:1	NCBITaxon:1038862	Bradyrhizobium japonicum USDA 124	
NCBITaxon:1	NCBITaxon:1038863	Bradyrhizobium japonicum USDA 135	
NCBITaxon:1	NCBITaxon:1038864	Bradyrhizobium japonicum USDA 4	
NCBITaxon:1	NCBITaxon:1038866	Bradyrhizobium sp. WSM2793	
NCBITaxon:1	NCBITaxon:1038867	Bradyrhizobium sp. WSM3983	
NCBITaxon:1	NCBITaxon:1038869	Paraburkholderia mimosarum LMG 23256	
NCBITaxon:1	NCBITaxon:1038870	Paraburkholderia mimosarum STM3621	
NCBITaxon:1	NCBITaxon:1038921	Pseudomonas chlororaphis aureofaciens 30-84	
NCBITaxon:1	NCBITaxon:1038924	Pseudomonas fluorescens SS101	
NCBITaxon:1	NCBITaxon:1040978	Cupriavidus taiwanensis STM6018	
NCBITaxon:1	NCBITaxon:1040979	Cupriavidus taiwanensis STM6070	
NCBITaxon:1	NCBITaxon:1040980	Mesorhizobium ciceri CMG6	
NCBITaxon:1	NCBITaxon:1040981	Mesorhizobium ciceri WSM4083	
NCBITaxon:1	NCBITaxon:1040982	Mesorhizobium loti CJ3sym	
NCBITaxon:1	NCBITaxon:1040986	Mesorhizobium sp. WSM3224	
PO:0025034	NCBITaxon:1028989	Pseudomonas sp. StFLB209	
PO:0025034	NCBITaxon:103796	Pseudomonas syringae pv. actinidiae	
PO:0025034	NCBITaxon:104336	microbacterium_foliorum	
PO:0025034	NCBITaxon:1090319	Sphingomonas phyllosphaerae FA2	
PO:0025034	NCBITaxon:1094175	Pseudomonas syringae pv. theae NCPPB 2598	
PO:0025034	NCBITaxon:1127743	Bacillus sp. 5B6	
PO:0025034	NCBITaxon:1166158	Methylobacterium sp. L2-4	
PO:0025034	NCBITaxon:1167641	Pseudomonas geniculata N1	
PO:0025034	NCBITaxon:1177180	Kosakonia radicincitans DSM 16656	
PO:0025034	NCBITaxon:1185682	Xanthomonas axonopodis pv. manihotis IBSBF 2673	
PO:0025034	NCBITaxon:1194719	Sinorhizobium meliloti H1	
PO:0025034	NCBITaxon:1219375	Xanthomonas cassavae CFBP 4642	
PO:0025034	NCBITaxon:1220584	Herbiconiux solani NBRC 106740	
PO:0025034	NCBITaxon:1235834	Kosakonia sacchari SP1	
PO:0025034	NCBITaxon:1245	Leuconostoc mesenteroides	
PO:0025034	NCBITaxon:124798	microbacterium_phyllosphaerae	
PO:0025034	NCBITaxon:1306948	Xanthomonas arboricola pv. corylina NCCB 100457	
PO:0025034	NCBITaxon:1328866	Rathayibacter festucae DSM 15932	
PO:0025034	NCBITaxon:1343737	Xylella fastidiosa multiplex Griffin-1	
PO:0025034	NCBITaxon:1384060	Rhodococcus sp. P27	
PO:0025034	NCBITaxon:1395944	Rhizobium smilacinae CCTCC AB 2013016	
PO:0025034	NCBITaxon:1396	Bacillus cereus	
PO:0025034	NCBITaxon:1406	bacillus_polymyxa	
PO:0025034	NCBITaxon:150121	agreia_pratensis	
PO:0025034	NCBITaxon:150122	curtobacterium_herbarum	
UBERON:0000065	NCBITaxon:1000561	Pseudomonas aeruginosa AES-1R	
UBERON:0000065	NCBITaxon:1000570	Streptococcus anginosus SK52	
UBERON:0000065	NCBITaxon:1001534	Francisella tularensis subsp. tularensis TI0902	
UBERON:0000065	NCBITaxon:1001704	Mycobacterium massiliense 1S-151-0930	
UBERON:0000065	NCBITaxon:1001705	Mycobacterium massiliense 1S-152-0914	
UBERON:0000065	NCBITaxon:1001706	Mycobacterium massiliense 1S-153-0915	
UBERON:0000065	NCBITaxon:1001707	Mycobacterium massiliense 1S-154-0310	
UBERON:0000065	NCBITaxon:1001708	Mycobacterium massiliense 2B-0626	
UBERON:0000065	NCBITaxon:1001709	Mycobacterium massiliense 2B-1231	
UBERON:0000065	NCBITaxon:1001710	Mycobacterium massiliense 2B-0107	
UBERON:0000065	NCBITaxon:1001711	Mycobacterium massiliense 2B-0912-R	
UBERON:0000065	NCBITaxon:1001712	Mycobacterium massiliense 2B-0912-S	
UBERON:0000065	NCBITaxon:1001713	Mycobacterium massiliense 2B-0307	
UBERON:0000065	NCBITaxon:1001714	Mycobacteroides abscessus subsp. massiliense CCUG 48898 = JCM 15300	
UBERON:0000065	NCBITaxon:1001715	Mycobacterium abscessus 3A-0122-R	
UBERON:0000065	NCBITaxon:1001716	Mycobacterium abscessus 3A-0122-S	
UBERON:0000065	NCBITaxon:1001717	Mycobacterium abscessus 3A-0810-R	
UBERON:0000065	NCBITaxon:1001718	Mycobacterium abscessus 3A-0731	
UBERON:0000065	NCBITaxon:1001719	Mycobacterium abscessus 3A-0930-S	
UBERON:0000065	NCBITaxon:1001720	Mycobacterium abscessus 3A-0930-R	
UBERON:0000065	NCBITaxon:1001721	Mycobacterium abscessus 3A-0119-R	
UBERON:0000065	NCBITaxon:1001722	Mycobacterium abscessus 4S-0303	
UBERON:0000065	NCBITaxon:1001723	Mycobacterium abscessus 4S-0206	
UBERON:0000065	NCBITaxon:1001724	Mycobacterium abscessus 4S-0116-S	
UBERON:0000065	NCBITaxon:1001725	Mycobacterium abscessus 4S-0116-R	
UBERON:0000178	NCBITaxon:1000935	Anaplasma marginale Florida Relapse	
UBERON:0000178	NCBITaxon:1000936	Anaplasma marginale Okeechobee	
UBERON:0000178	NCBITaxon:1000937	Anaplasma marginale Washington Okanogan	
UBERON:0000178	NCBITaxon:1000938	Anaplasma marginale Oklahoma	
UBERON:0000178	NCBITaxon:1000939	Anaplasma marginale South Idaho	
UBERON:0000178	NCBITaxon:1002339	Psychrobacter sp. 1501	
UBERON:0000178	NCBITaxon:1003201	Rickettsia typhi str. TH1527	
UBERON:0000178	NCBITaxon:1005704	Streptococcus oralis SK255	
UBERON:0000178	NCBITaxon:1005705	Streptococcus infantis SK1076	
UBERON:0000178	NCBITaxon:1008452	Streptococcus mitis SK1073	
UBERON:0000178	NCBITaxon:1008453	Streptococcus mitis SK1080	
UBERON:0000178	NCBITaxon:1028806	Haemophilus haemolyticus M21639	
UBERON:0000178	NCBITaxon:1032071	Arcobacter cryaerophilus CDC D2610	
UBERON:0000178	NCBITaxon:1035187	Streptococcus mitis SK569	
UBERON:0000178	NCBITaxon:1035189	Streptococcus infantis SK970	
UBERON:0000178	NCBITaxon:103855	bordetella_hinzii	
UBERON:0000178	NCBITaxon:1051654	Lactobacillus casei CRF28	
UBERON:0000178	NCBITaxon:106654	acinetobacter_nosocomialis	
UBERON:0000178	NCBITaxon:1069609	Neisseria meningitidis 93004	
UBERON:0000178	NCBITaxon:1069614	Neisseria meningitidis 69166	
UBERON:0000178	NCBITaxon:1069618	Neisseria meningitidis 92045	
UBERON:0000178	NCBITaxon:1069621	Neisseria meningitidis NM3081	
UBERON:0000178	NCBITaxon:1069623	Streptococcus pneumoniae GA05578	
UBERON:0000178	NCBITaxon:1069627	Streptococcus pneumoniae GA04672	
UBERON:0000178	NCBITaxon:1073382	Aeromonas veronii AER39	
UBERON:0000468	NCBITaxon:1000950	Vibrio cholerae HC-55C1	
UBERON:0000468	NCBITaxon:1001223	Avibacterium paragallinarum 72C	
UBERON:0000468	NCBITaxon:1001224	Avibacterium paragallinarum 72C1	
UBERON:0000468	NCBITaxon:1003200	Achromobacter xylosoxidans AXX-A	
UBERON:0000468	NCBITaxon:1005046	Haemophilus ducreyi ATCC 33921	
UBERON:0000468	NCBITaxon:1007064	Streptococcus suis ST3	
UBERON:0000468	NCBITaxon:1009856	Buchnera aphidicola str. USDA (Myzus persicae)	
UBERON:0000468	NCBITaxon:1009857	Buchnera aphidicola str. W106 (Myzus persicae)	
UBERON:0000468	NCBITaxon:1009858	Buchnera aphidicola str. G002 (Myzus persicae)	
UBERON:0000468	NCBITaxon:1009859	Buchnera aphidicola str. F009 (Myzus persicae)	
UBERON:0000468	NCBITaxon:1017264	Bordetella pertussis CS	
UBERON:0000468	NCBITaxon:102129	Leptolyngbya sp. ATCC 29409	
UBERON:0000468	NCBITaxon:1027273	Endozoicomonas montiporae	
UBERON:0000468	NCBITaxon:1028307	Klebsiella aerogenes KCTC 2190	
UBERON:0000468	NCBITaxon:1029822	Lactobacillus salivarius NIAS840	
UBERON:0000468	NCBITaxon:1030843	Porphyromonas gingivalis TDC60	
UBERON:0000468	NCBITaxon:1033991	Rhizobium leguminosarum bv. trifolii CB782	
UBERON:0000468	NCBITaxon:1035817	Bifidobacterium longum subsp. longum KACC 91563	
UBERON:0000468	NCBITaxon:1037409	Bradyrhizobium japonicum USDA 6	
UBERON:0000468	NCBITaxon:1038869	Paraburkholderia mimosarum LMG 23256	
UBERON:0000468	NCBITaxon:1040964	Lactobacillus ruminis SPM0211	
UBERON:0000468	NCBITaxon:1041141	Rhizobium leguminosarum bv. viciae 128C53	
UBERON:0000468	NCBITaxon:1042403	Bifidobacterium animalis subsp. lactis CNCM I-2494	
UBERON:0000468	NCBITaxon:1046629	Streptococcus salivarius 57.I	
UBERON:0000468	NCBITaxon:1048245	Mycobacterium canettii CIPT 140010059	
UBERON:0000996	NCBITaxon:100469	Actinomyces canis	
UBERON:0000996	NCBITaxon:1009464	Gardnerella vaginalis HMP9231	
UBERON:0000996	NCBITaxon:1033813	Escherichia coli NA114	
UBERON:0000996	NCBITaxon:103621	Actinomyces urogenitalis	
UBERON:0000996	NCBITaxon:1048689	Escherichia coli O55:H7 str. RM12579	
UBERON:0000996	NCBITaxon:1072256	Corynebacterium uterequi	
UBERON:0000996	NCBITaxon:1075089	Pasteurella multocida 36950	
UBERON:0000996	NCBITaxon:1095745	Haemophilus parainfluenzae HK262	
UBERON:0000996	NCBITaxon:1095749	Pasteurella bettyae CCUG 2042	
UBERON:0000996	NCBITaxon:109790	Lactobacillus jensenii	
UBERON:0000996	NCBITaxon:1111121	Atopobium sp. BV3AC4	
UBERON:0000996	NCBITaxon:1111454	Megasphaera sp. BV3C16-1	
UBERON:0000996	NCBITaxon:1121102	Campylobacter ureolyticus DSM 20703	
UBERON:0000996	NCBITaxon:1121356	Corynebacterium ciconiae DSM 44920	
UBERON:0000996	NCBITaxon:1122248	Mycoplasma gallinarum DSM 19816	
UBERON:0000996	NCBITaxon:1122935	Pasteurella langaaensis DSM 22999	
UBERON:0000996	NCBITaxon:1122981	Prevotella corporis DSM 18810	
UBERON:0000996	NCBITaxon:1136177	Lactobacillus pentosus KCA1	
UBERON:0000996	NCBITaxon:114880	mycoplasma_columbinasale	
UBERON:0000996	NCBITaxon:1154817	Streptococcus agalactiae CCUG 44077	
UBERON:0000996	NCBITaxon:1154820	Streptococcus agalactiae LMG 15091	
UBERON:0000996	NCBITaxon:1154821	Streptococcus agalactiae LMG 15092	
UBERON:0000996	NCBITaxon:1154822	Streptococcus agalactiae LMG 15093	
UBERON:0000996	NCBITaxon:1154823	Streptococcus agalactiae LMG 15094	
UBERON:0000996	NCBITaxon:1154862	Streptococcus agalactiae CCUG 34230	
UBERON:0001913	NCBITaxon:1030009	Listeria monocytogenes M7	
UBERON:0001913	NCBITaxon:1036735	Bifidobacterium breve 26M2	
UBERON:0001913	NCBITaxon:1112912	Brucella suis VBI22	
UBERON:0001913	NCBITaxon:1121088	Bacillus coagulans DSM 1 = ATCC 7050	
UBERON:0001913	NCBITaxon:113557	Lactobacillus paracasei subsp. tolerans	
UBERON:0001913	NCBITaxon:1137135	Escherichia coli O157:H43 T22	
UBERON:0001913	NCBITaxon:1144300	Lactobacillus gastricus PS3	
UBERON:0001913	NCBITaxon:1157946	Streptococcus salivarius PS4	
UBERON:0001913	NCBITaxon:1160091	alloscardovia_macacae	
UBERON:0001913	NCBITaxon:1167694	Escherichia coli O32:H37 P4	
UBERON:0001913	NCBITaxon:1185324	Lactobacillus gasseri CECT 5714	
UBERON:0001913	NCBITaxon:1185325	Lactobacillus coryniformis coryniformis CECT 5711	
UBERON:0001913	NCBITaxon:1188238	Mycoplasma capricolum capricolum 14232	
UBERON:0001913	NCBITaxon:1193128	Parascardovia denticolens IPLA 20019	
UBERON:0001913	NCBITaxon:1223499	Mycobacterium vaccae NBRC 14118	
UBERON:0001913	NCBITaxon:1244087	Paenibacillus lentimorbus NRRL B-30488	
UBERON:0001913	NCBITaxon:1246	Leuconostoc lactis	
UBERON:0001913	NCBITaxon:1255628	Staphylococcus fleurettii CIP 106114	
UBERON:0001913	NCBITaxon:1265302	Staphylococcus aureus PB32	
UBERON:0001913	NCBITaxon:1272	kocuria_varians	
UBERON:0001913	NCBITaxon:1286405	Lactobacillus rhamnosus CRL1505	
UBERON:0001913	NCBITaxon:1308	Streptococcus salivarius subsp. thermophilus	
UBERON:0001913	NCBITaxon:1311	Streptococcus agalactiae	
UBERON:0001913	NCBITaxon:1396	Bacillus cereus	
UBERON:0001913	NCBITaxon:1405	bacillus_mycoides	
UBERON:0002049	NCBITaxon:324057	Paenibacillus sp. JDR-2	
UBERON:0002049	NCBITaxon:399742	Enterobacter sp. 638	
UBERON:0002049	NCBITaxon:456493	saccharibacillus_sacchari	
UBERON:0002049	NCBITaxon:519050	Lactobacillus sucicola	
bacdive.isolation_source:food_fermented	NCBITaxon:1004261	oceanobacillus_indicireducens	
bacdive.isolation_source:food_fermented	NCBITaxon:1007676	Lactobacillus ginsenosidimutans	
bacdive.isolation_source:food_fermented	NCBITaxon:104099	acetobacter_mesoxydans	
bacdive.isolation_source:food_fermented	NCBITaxon:1045004	Oenococcus kitaharae NRIC 0645, DSM 17330	
bacdive.isolation_source:food_fermented	NCBITaxon:1045854	Weissella koreensis KACC 15510	
bacdive.isolation_source:food_fermented	NCBITaxon:104955	Lactobacillus frumenti	
bacdive.isolation_source:food_fermented	NCBITaxon:1051653	Lactobacillus casei A2-362	
bacdive.isolation_source:food_fermented	NCBITaxon:1051659	Lactobacillus casei UCD174	
bacdive.isolation_source:food_fermented	NCBITaxon:1054041	Lactobacillus yonginensis	
bacdive.isolation_source:food_fermented	NCBITaxon:1074467	Lactobacillus heilongjiangensis	
bacdive.isolation_source:food_fermented	NCBITaxon:1076596	Acetobacter persici	
bacdive.isolation_source:food_fermented	NCBITaxon:1089442	Pediococcus damnosus 9-6b	
bacdive.isolation_source:food_fermented	NCBITaxon:1110509	Methanosaeta harundinacea 6Ac	
bacdive.isolation_source:food_fermented	NCBITaxon:1122148	Lactobacillus lindneri DSM 20690	
bacdive.isolation_source:food_fermented	NCBITaxon:1122149	Lactobacillus malefermentans KCTC 3548	
bacdive.isolation_source:food_fermented	NCBITaxon:1122150	Lactobacillus nagelii DSM 13675	
bacdive.isolation_source:food_fermented	NCBITaxon:1122219	Megasphaera cerevisiae DSM 20462	
bacdive.isolation_source:food_fermented	NCBITaxon:1122618	Oenococcus oeni DSM 20252	
bacdive.isolation_source:food_fermented	NCBITaxon:1123687	Lactobacillus porcinae	
bacdive.isolation_source:food_fermented	NCBITaxon:114090	pediococcus_inopinatus	
bacdive.isolation_source:food_fermented	NCBITaxon:115541	Lactobacillus coryniformis subsp. coryniformis	
bacdive.isolation_source:food_fermented	NCBITaxon:1167631	Oenococcus oeni AWRIB318	
bacdive.isolation_source:food_fermented	NCBITaxon:120045	Zymomonas mobilis subsp. mobilis	
bacdive.isolation_source:food_fermented	NCBITaxon:1202668	Lactobacillus oryzae	
bacdive.isolation_source:food_fermented	NCBITaxon:1206774	Oenococcus oeni AWRIB568	
bacdive.isolation_source:host_animal_ectotherm	NCBITaxon:1001530	Photobacterium leiognathi mandapamensis svers.1.1	
bacdive.isolation_source:host_animal_ectotherm	NCBITaxon:1002340	Leisingera sp. ANG1	
bacdive.isolation_source:host_animal_ectotherm	NCBITaxon:1004151	Photorhabdus temperata khanii NC19	
bacdive.isolation_source:host_animal_ectotherm	NCBITaxon:1005043	Candidatus Regiella insecticola R5.15	
bacdive.isolation_source:host_animal_ectotherm	NCBITaxon:1005057	Buchnera aphidicola str. Ua (Uroleucon ambrosiae)	
bacdive.isolation_source:host_animal_ectotherm	NCBITaxon:1005090	Buchnera aphidicola str. Ak (Acyrthosiphon kondoi)	
bacdive.isolation_source:host_animal_ectotherm	NCBITaxon:1009370	Acetonema longum APO-1, DSM 6540	
bacdive.isolation_source:host_animal_ectotherm	NCBITaxon:1017266	Lactococcus garvieae UNIUD074	
bacdive.isolation_source:host_animal_ectotherm	NCBITaxon:1027273	Endozoicomonas montiporae	
bacdive.isolation_source:host_animal_ectotherm	NCBITaxon:1027360	Edwardsiella ictaluri ATCC 33202	
bacdive.isolation_source:host_animal_ectotherm	NCBITaxon:1027364	Edwardsiella tarda DT	
bacdive.isolation_source:host_animal_ectotherm	NCBITaxon:1029823	Acinetobacter sp. P8-3-8	
bacdive.isolation_source:host_animal_ectotherm	NCBITaxon:1029824	Kocuria rhizophila P7-4	
bacdive.isolation_source:host_animal_ectotherm	NCBITaxon:1031537	Blastopirellula cremea	
bacdive.isolation_source:host_animal_ectotherm	NCBITaxon:1031538	Neptunomonas concharum	
bacdive.isolation_source:host_animal_ectotherm	NCBITaxon:1032238	Malacobacter mytili LMG 24559	
bacdive.isolation_source:host_animal_ectotherm	NCBITaxon:1032845	Rickettsia heilongjiangensis 054	
bacdive.isolation_source:host_animal_ectotherm	NCBITaxon:1034471	xenorhabdus_ishibashii	
bacdive.isolation_source:host_animal_ectotherm	NCBITaxon:1034807	Flavobacterium branchiophilum FL-15	
bacdive.isolation_source:host_animal_ectotherm	NCBITaxon:1036133	Kistimonas scapharcae	
bacdive.isolation_source:host_animal_ectotherm	NCBITaxon:1037377	Chryseobacterium viscerum	
bacdive.isolation_source:host_animal_ectotherm	NCBITaxon:1038856	planococcus_plakortidis	
bacdive.isolation_source:host_animal_ectotherm	NCBITaxon:1040984	Mesorhizobium sp. WSM1293	
bacdive.isolation_source:host_animal_ectotherm	NCBITaxon:104102	acetobacter_tropicalis	
bacdive.isolation_source:host_animal_ectotherm	NCBITaxon:1041826	Flavobacterium columnare ATCC 49512	
bacdive.isolation_source:host_animal_endotherm	NCBITaxon:1000567	Bifidobacterium longum 3_1_37DFAAB	
bacdive.isolation_source:host_animal_endotherm	NCBITaxon:1000568	Megasphaera sp. UPII 199-6	
bacdive.isolation_source:host_animal_endotherm	NCBITaxon:1000569	Megasphaera sp. UPII 135-E	
bacdive.isolation_source:host_animal_endotherm	NCBITaxon:1000570	Streptococcus anginosus SK52	
bacdive.isolation_source:host_animal_endotherm	NCBITaxon:1000588	Streptococcus mitis bv. 2 SK95	
bacdive.isolation_source:host_animal_endotherm	NCBITaxon:1000589	Streptococcus dysgalactiae equisimilis SK1249	
bacdive.isolation_source:host_animal_endotherm	NCBITaxon:1001586	Leptospira interrogans sv. Bulgarica Mallika	
bacdive.isolation_source:host_animal_endotherm	NCBITaxon:1001587	Leptospira interrogans sv. Pomona Pomona	
bacdive.isolation_source:host_animal_endotherm	NCBITaxon:1001588	Leptospira interrogans 2002000621	
bacdive.isolation_source:host_animal_endotherm	NCBITaxon:1001589	Leptospira weillii 2006001853	
bacdive.isolation_source:host_animal_endotherm	NCBITaxon:1001590	Leptospira interrogans 2006001854	
bacdive.isolation_source:host_animal_endotherm	NCBITaxon:1001591	Leptospira interrogans C10069	
bacdive.isolation_source:host_animal_endotherm	NCBITaxon:1001592	Leptospira santarosai 2000027870	
bacdive.isolation_source:host_animal_endotherm	NCBITaxon:1001593	Leptospira noguchii 2006001870	
bacdive.isolation_source:host_animal_endotherm	NCBITaxon:1001594	Leptospira interrogans sv. Australis LT2148	
bacdive.isolation_source:host_animal_endotherm	NCBITaxon:1001595	Leptospira noguchii sv. Panama CZ214	
bacdive.isolation_source:host_animal_endotherm	NCBITaxon:1001596	Leptospira interrogans sv. Djasiman LT1649	
bacdive.isolation_source:host_animal_endotherm	NCBITaxon:1001597	Leptospira interrogans sv. Canicola LT1962	
bacdive.isolation_source:host_animal_endotherm	NCBITaxon:1001598	Leptospira interrogans sv. Copenhageni LT2050	
bacdive.isolation_source:host_animal_endotherm	NCBITaxon:1001599	Leptospira interrogans sv. Grippotyphosa LT2186	
bacdive.isolation_source:host_animal_endotherm	NCBITaxon:1001601	Leptospira interrogans sv. Zanoni LT2156	
bacdive.isolation_source:host_animal_endotherm	NCBITaxon:1001602	Leptospira interrogans sv. Copenhageni Fiocruz LV2756C6	
bacdive.isolation_source:host_animal_endotherm	NCBITaxon:1001603	Leptospira interrogans sv. Copenhageni Fiocruz R154	
bacdive.isolation_source:host_animal_endotherm	NCBITaxon:1001986	Leptospira interrogans sv. Copenhageni 2006007831	
bacdive.isolation_source:host_animal_endotherm	NCBITaxon:1001987	Leptospira interrogans sv. Copenhageni 2001025091	
bacdive.isolation_source:host_animal_endotherm_intratissue	NCBITaxon:1014	Weeksella virosa	
bacdive.isolation_source:host_animal_endotherm_intratissue	NCBITaxon:1017184	camelimonas_abortus	
bacdive.isolation_source:host_animal_endotherm_intratissue	NCBITaxon:1028804	Haemophilus haemolyticus M21127	
bacdive.isolation_source:host_animal_endotherm_intratissue	NCBITaxon:1032070	Arcobacter cryaerophilus 02766, ATCC 43158	
bacdive.isolation_source:host_animal_endotherm_intratissue	NCBITaxon:1040988	Bradyrhizobium sp. WSM4349	
bacdive.isolation_source:host_animal_endotherm_intratissue	NCBITaxon:1048332	Streptococcus salivarius CCHSS3	
bacdive.isolation_source:host_animal_endotherm_intratissue	NCBITaxon:1051658	Lactobacillus casei T71499	
bacdive.isolation_source:host_animal_endotherm_intratissue	NCBITaxon:105219	ralstonia_mannitolilytica	
bacdive.isolation_source:host_animal_endotherm_intratissue	NCBITaxon:1069608	Neisseria meningitidis 93003	
bacdive.isolation_source:host_animal_endotherm_intratissue	NCBITaxon:1069610	Neisseria meningitidis NM255	
bacdive.isolation_source:host_animal_endotherm_intratissue	NCBITaxon:1069612	Neisseria meningitidis NM183	
bacdive.isolation_source:host_animal_endotherm_intratissue	NCBITaxon:1069613	Neisseria meningitidis NM2781	
bacdive.isolation_source:host_animal_endotherm_intratissue	NCBITaxon:1069615	Neisseria meningitidis NM576	
bacdive.isolation_source:host_animal_endotherm_intratissue	NCBITaxon:1069616	Neisseria meningitidis 98008	
bacdive.isolation_source:host_animal_endotherm_intratissue	NCBITaxon:1069617	Neisseria meningitidis 80179	
bacdive.isolation_source:host_animal_endotherm_intratissue	NCBITaxon:1069619	Neisseria meningitidis NM2657	
bacdive.isolation_source:host_animal_endotherm_intratissue	NCBITaxon:1069620	Neisseria meningitidis NM2795	
bacdive.isolation_source:host_animal_endotherm_intratissue	NCBITaxon:1069622	Neisseria meningitidis NM3001	
bacdive.isolation_source:host_animal_endotherm_intratissue	NCBITaxon:1069624	Streptococcus pneumoniae GA04216	
bacdive.isolation_source:host_animal_endotherm_intratissue	NCBITaxon:1069626	Streptococcus pneumoniae GA02506	
bacdive.isolation_source:host_animal_endotherm_intratissue	NCBITaxon:1069628	Streptococcus pneumoniae GA08825	
bacdive.isolation_source:host_animal_endotherm_intratissue	NCBITaxon:1071983	legionella_cardiaca	
bacdive.isolation_source:host_animal_endotherm_intratissue	NCBITaxon:1072256	Corynebacterium uterequi	
bacdive.isolation_source:host_animal_endotherm_intratissue	NCBITaxon:1072459	Escherichia coli O7:K1 str. CE10	
bacdive.isolation_source:host_animal_endotherm_intratissue	NCBITaxon:1077965	staphylococcus_jettensis	
bacdive.isolation_source:host_animal_endotherm_rumen	NCBITaxon:1054217	Thermoplasmatales archaeon BRNA1	
bacdive.isolation_source:host_animal_endotherm_rumen	NCBITaxon:1064535	Megasphaera elsdenii DSM 20460	
bacdive.isolation_source:host_animal_endotherm_rumen	NCBITaxon:1120918	Acetitomaculum ruminis DSM 5522	
bacdive.isolation_source:host_animal_endotherm_rumen	NCBITaxon:1120997	Anaerovibrio lipolyticus DSM 3074	
bacdive.isolation_source:host_animal_endotherm_rumen	NCBITaxon:1121131	Butyrivibrio fibrisolvens DSM 3071	
bacdive.isolation_source:host_animal_endotherm_rumen	NCBITaxon:1121132	Butyrivibrio hungatei DSM 14810	
bacdive.isolation_source:host_animal_endotherm_rumen	NCBITaxon:1121296	Clostridium aminophilum F	
bacdive.isolation_source:host_animal_endotherm_rumen	NCBITaxon:1121303	Clostridium cellobioparum DSM 1351	
bacdive.isolation_source:host_animal_endotherm_rumen	NCBITaxon:1122973	Porphyromonas levii DSM 23370	
bacdive.isolation_source:host_animal_endotherm_rumen	NCBITaxon:1122978	Prevotella albensis DSM 11370	
bacdive.isolation_source:host_animal_endotherm_rumen	NCBITaxon:1123012	Pseudobutyrivibrio xylanivorans DSM 14809	
bacdive.isolation_source:host_animal_endotherm_rumen	NCBITaxon:1123243	Schwartzia succinivorans DSM 10502	
bacdive.isolation_source:host_animal_endotherm_rumen	NCBITaxon:1123250	Selenomonas bovis DSM 23594	
bacdive.isolation_source:host_animal_endotherm_rumen	NCBITaxon:1123323	Succiniclasticum ruminis DSM 9236	
bacdive.isolation_source:host_animal_endotherm_rumen	NCBITaxon:1123324	Succinivibrio dextrinosolvens DSM 3072	
bacdive.isolation_source:host_animal_endotherm_rumen	NCBITaxon:1124982	Treponema sp. JC4	
bacdive.isolation_source:host_animal_endotherm_rumen	NCBITaxon:1134474	Cellvibrio sp. BR	
bacdive.isolation_source:host_animal_endotherm_rumen	NCBITaxon:114197	Selenomonas ruminantium lactilytica ATCC 19205	
bacdive.isolation_source:host_animal_endotherm_rumen	NCBITaxon:1165092	Lachnospiraceae bacterium JC7	
bacdive.isolation_source:host_animal_endotherm_rumen	NCBITaxon:1201036	Pseudochrobactrum sp. AO18b	
bacdive.isolation_source:host_animal_endotherm_rumen	NCBITaxon:1202533	Bacillus nealsonii AAU1_buffalo	
bacdive.isolation_source:host_animal_endotherm_rumen	NCBITaxon:1224164	Corynebacterium vitaeruminis DSM 20294	
bacdive.isolation_source:host_animal_endotherm_rumen	NCBITaxon:1263547	Oscillibacter ruminantium	
bacdive.isolation_source:host_animal_endotherm_rumen	NCBITaxon:1265507	Succinimonas amylolytica DSM 2873	
bacdive.isolation_source:host_animal_endotherm_rumen	NCBITaxon:1280706	Selenomonas ruminantium ATCC 12561	
